Correct Response Rate,Response Time (ms),Confidence Level,Recommended Learning Path,Intervention Flag,Content Difficulty Level,Number of Tutor Sessions,Help Requests,Engagement with Supplemental Resources,Adaptive Learning Feature Used,Personalization Score,Learning Path Changes
0.84,11881,1.2,"Linear Regression,Neural Networks,Deep Learning",False,4,4,0,0.39,False,0.89,3
0.6,12711,5.4,"Statistical Analysis,Data Visualization,Data Cleaning",True,8,9,4,0.94,False,0.29,0
0.72,11158,5.9,"Linear Regression,Neural Networks,Deep Learning",False,6,6,4,0.67,False,0.93,3
0.86,1876,6.0,"Linear Regression,Neural Networks,Deep Learning",False,5,7,3,0.22,False,0.86,0
0.85,909,9.0,"Programming Basics,Algorithms,Data Structures",False,6,1,2,0.89,True,0.84,3
0.75,3601,6.8,"Programming Basics,Algorithms,Data Structures",False,5,8,1,0.43,True,0.14,3
0.57,17097,2.7,"Statistical Analysis,Data Visualization,Data Cleaning",True,5,1,1,0.49,True,0.19,3
0.53,7142,2.1,"Programming Basics,Algorithms,Data Structures",True,1,2,3,0.52,False,0.56,0
0.89,14471,4.6,"Linear Regression,Neural Networks,Deep Learning",False,2,2,1,0.04,True,0.62,2
0.54,10995,0.5,"Statistical Analysis,Data Visualization,Data Cleaning",True,6,0,0,0.87,False,0.96,4
0.92,4770,8.9,"Linear Regression,Neural Networks,Deep Learning",False,8,3,2,0.78,True,0.04,0
0.64,8231,7.5,"Linear Regression,Neural Networks,Deep Learning",True,9,4,1,0.74,False,0.72,4
0.86,3321,1.3,"Statistical Analysis,Data Visualization,Data Cleaning",False,5,8,1,0.29,True,0.81,1
0.53,8343,3.1,"Programming Basics,Algorithms,Data Structures",False,2,8,2,0.8,True,0.14,4
0.62,8012,8.9,"Statistical Analysis,Data Visualization,Data Cleaning",True,6,8,0,0.39,True,0.49,1
0.99,16862,7.3,"Statistical Analysis,Data Visualization,Data Cleaning",True,3,8,2,0.36,True,0.21,0
0.58,3637,8.8,"Linear Regression,Neural Networks,Deep Learning",False,6,2,3,0.77,True,0.53,4
0.99,16586,0.7,"Statistical Analysis,Data Visualization,Data Cleaning",False,7,6,1,0.06,False,0.98,0
0.99,16635,0.2,"Statistical Analysis,Data Visualization,Data Cleaning",False,8,4,0,0.25,False,0.44,1
0.95,11759,9.4,"Programming Basics,Algorithms,Data Structures",True,6,1,0,0.9,True,0.86,3
0.78,15432,6.2,"Linear Regression,Neural Networks,Deep Learning",True,1,3,0,0.65,False,0.55,2
0.81,11933,9.5,"Statistical Analysis,Data Visualization,Data Cleaning",False,4,4,1,0.94,False,0.34,1
0.7,5947,8.4,"Statistical Analysis,Data Visualization,Data Cleaning",True,7,1,3,0.92,True,0.71,0
0.56,4421,3.5,"Linear Regression,Neural Networks,Deep Learning",False,6,1,2,0.86,True,0.85,1
0.52,10931,1.5,"Linear Regression,Neural Networks,Deep Learning",True,4,4,2,0.15,False,0.12,0
0.96,10747,1.9,"Statistical Analysis,Data Visualization,Data Cleaning",False,7,8,1,0.1,False,0.44,2
0.96,18631,9.0,"Programming Basics,Algorithms,Data Structures",False,7,0,3,0.39,False,0.28,2
0.75,16790,6.8,"Machine Learning Fundamentals,Data Preprocessing,Model Evaluation",True,6,0,3,0.23,True,0.07,4
0.91,14363,9.1,"Statistical Analysis,Data Visualization,Data Cleaning",False,6,0,1,0.02,True,0.42,2
0.91,8268,7.7,"Machine Learning Fundamentals,Data Preprocessing,Model Evaluation",True,1,2,0,0.48,True,0.45,1
0.59,4912,9.2,"Programming Basics,Algorithms,Data Structures",False,6,7,1,0.89,False,0.55,3
0.65,9011,3.1,"Programming Basics,Algorithms,Data Structures",False,5,1,0,0.77,False,0.58,3
0.6,12708,8.9,"Linear Regression,Neural Networks,Deep Learning",False,8,2,1,0.95,False,0.47,3
0.54,15216,3.4,"Programming Basics,Algorithms,Data Structures",True,1,3,4,0.08,False,0.1,1
0.7,14741,0.3,"Machine Learning Fundamentals,Data Preprocessing,Model Evaluation",True,7,9,4,0.71,True,0.2,4
0.86,6784,2.6,"Machine Learning Fundamentals,Data Preprocessing,Model Evaluation",False,2,6,1,0.48,True,0.63,3
0.58,15867,6.6,"Programming Basics,Algorithms,Data Structures",True,7,7,0,0.07,True,0.69,1
0.68,18987,5.1,"Machine Learning Fundamentals,Data Preprocessing,Model Evaluation",False,8,7,0,0.16,True,0.62,4
0.58,12305,0.8,"Linear Regression,Neural Networks,Deep Learning",False,4,8,0,0.24,True,0.69,4
0.79,10154,5.1,"Statistical Analysis,Data Visualization,Data Cleaning",True,4,5,1,0.31,False,0.02,0
0.6,1339,7.2,"Programming Basics,Algorithms,Data Structures",True,7,4,0,0.79,False,0.26,2
0.94,8473,8.9,"Statistical Analysis,Data Visualization,Data Cleaning",False,9,9,4,0.66,True,0.82,2
0.89,6630,1.4,"Statistical Analysis,Data Visualization,Data Cleaning",True,2,4,3,0.82,True,0.52,4
0.78,10710,5.3,"Linear Regression,Neural Networks,Deep Learning",False,6,8,1,0.75,True,0.87,0
0.74,1230,6.2,"Machine Learning Fundamentals,Data Preprocessing,Model Evaluation",False,6,9,4,0.33,False,0.23,4
0.71,14777,8.3,"Statistical Analysis,Data Visualization,Data Cleaning",False,9,4,4,0.84,True,0.34,4
0.68,1640,2.8,"Statistical Analysis,Data Visualization,Data Cleaning",False,8,9,2,0.48,False,0.25,4
0.59,18454,6.9,"Machine Learning Fundamentals,Data Preprocessing,Model Evaluation",True,5,0,3,0.39,False,0.94,0
0.97,12989,7.8,"Linear Regression,Neural Networks,Deep Learning",False,7,7,2,0.51,True,0.12,2
0.83,5282,7.6,"Machine Learning Fundamentals,Data Preprocessing,Model Evaluation",False,4,8,3,0.35,False,0.88,3
0.6,15944,4.4,"Machine Learning Fundamentals,Data Preprocessing,Model Evaluation",False,8,2,0,0.09,True,0.5,2
0.56,10458,9.1,"Machine Learning Fundamentals,Data Preprocessing,Model Evaluation",True,2,3,2,0.8,True,0.09,0
0.74,5664,6.7,"Linear Regression,Neural Networks,Deep Learning",True,4,2,3,0.56,True,0.54,1
0.69,17035,1.0,"Linear Regression,Neural Networks,Deep Learning",False,6,7,3,0.35,True,0.01,4
0.53,1542,3.9,"Machine Learning Fundamentals,Data Preprocessing,Model Evaluation",False,6,7,0,0.67,False,0.84,2
0.57,3525,9.5,"Machine Learning Fundamentals,Data Preprocessing,Model Evaluation",False,8,8,1,0.5,True,0.04,4
0.97,16674,1.0,"Linear Regression,Neural Networks,Deep Learning",True,1,1,2,0.12,True,0.35,0
0.71,17290,7.2,"Programming Basics,Algorithms,Data Structures",False,1,2,4,0.18,True,0.95,4
0.8,10266,1.6,"Statistical Analysis,Data Visualization,Data Cleaning",False,6,0,1,0.2,False,0.36,4
0.77,10098,0.9,"Statistical Analysis,Data Visualization,Data Cleaning",False,8,4,1,0.35,True,0.81,4
0.97,11502,9.8,"Linear Regression,Neural Networks,Deep Learning",True,7,0,4,0.47,False,0.98,4
0.97,10950,7.3,"Statistical Analysis,Data Visualization,Data Cleaning",False,5,8,4,0.08,True,0.91,1
0.78,17216,0.8,"Linear Regression,Neural Networks,Deep Learning",False,2,6,0,0.54,True,0.97,1
0.9,11953,2.8,"Programming Basics,Algorithms,Data Structures",False,4,4,3,0.99,False,0.22,1
0.81,2897,6.9,"Programming Basics,Algorithms,Data Structures",True,3,1,3,0.59,False,0.91,2
0.74,15578,3.0,"Statistical Analysis,Data Visualization,Data Cleaning",True,2,7,4,0.36,False,0.0,4
0.93,14240,9.0,"Machine Learning Fundamentals,Data Preprocessing,Model Evaluation",True,9,9,1,0.01,True,0.31,2
0.72,2709,3.5,"Linear Regression,Neural Networks,Deep Learning",False,7,6,3,0.48,False,0.11,4
0.72,3893,2.7,"Linear Regression,Neural Networks,Deep Learning",False,8,6,4,0.9,True,0.96,1
0.58,8396,9.7,"Linear Regression,Neural Networks,Deep Learning",False,6,1,2,0.28,False,0.17,4
0.5,5087,0.5,"Linear Regression,Neural Networks,Deep Learning",False,2,8,0,0.18,True,0.96,4
0.61,9086,5.3,"Programming Basics,Algorithms,Data Structures",False,3,4,2,0.35,True,0.64,2
0.62,11996,1.2,"Machine Learning Fundamentals,Data Preprocessing,Model Evaluation",True,9,1,2,0.05,True,0.17,3
0.64,12391,0.4,"Machine Learning Fundamentals,Data Preprocessing,Model Evaluation",True,2,5,2,0.7,True,0.47,4
0.8,12970,9.2,"Programming Basics,Algorithms,Data Structures",False,9,2,2,0.44,True,0.73,0
0.87,6539,5.8,"Linear Regression,Neural Networks,Deep Learning",True,2,5,2,0.91,True,0.8,4
0.67,2949,1.8,"Linear Regression,Neural Networks,Deep Learning",True,4,1,4,0.28,True,0.43,0
0.91,14099,3.0,"Linear Regression,Neural Networks,Deep Learning",False,5,3,3,0.41,True,0.16,1
0.65,1156,0.5,"Linear Regression,Neural Networks,Deep Learning",True,2,3,1,0.66,False,0.87,2
0.99,8764,8.7,"Programming Basics,Algorithms,Data Structures",True,6,9,3,0.78,False,0.26,2
0.54,2167,1.3,"Machine Learning Fundamentals,Data Preprocessing,Model Evaluation",False,6,3,2,0.8,False,0.64,1
0.88,15466,5.5,"Machine Learning Fundamentals,Data Preprocessing,Model Evaluation",False,6,1,1,0.48,False,0.46,2
0.78,6295,1.0,"Statistical Analysis,Data Visualization,Data Cleaning",True,8,2,3,0.49,False,0.18,2
0.6,18224,5.5,"Programming Basics,Algorithms,Data Structures",False,6,0,2,0.35,True,0.13,3
0.65,11747,4.6,"Machine Learning Fundamentals,Data Preprocessing,Model Evaluation",True,9,6,1,0.79,True,0.5,0
0.63,10058,4.8,"Linear Regression,Neural Networks,Deep Learning",False,6,7,0,0.69,False,0.9,3
0.53,8840,4.0,"Machine Learning Fundamentals,Data Preprocessing,Model Evaluation",True,7,3,3,0.27,True,0.37,4
0.58,11167,6.9,"Linear Regression,Neural Networks,Deep Learning",False,9,5,2,0.57,True,0.06,4
0.61,15547,8.8,"Machine Learning Fundamentals,Data Preprocessing,Model Evaluation",True,7,7,3,0.17,False,0.57,0
0.75,5692,7.7,"Machine Learning Fundamentals,Data Preprocessing,Model Evaluation",False,3,7,1,0.32,False,0.77,1
0.95,11707,0.3,"Programming Basics,Algorithms,Data Structures",True,1,2,2,0.8,True,0.97,0
0.98,14162,6.8,"Statistical Analysis,Data Visualization,Data Cleaning",False,3,2,0,0.8,True,0.85,1
0.97,8661,5.0,"Programming Basics,Algorithms,Data Structures",False,7,6,3,0.25,False,0.97,2
0.69,10210,7.9,"Linear Regression,Neural Networks,Deep Learning",True,8,4,1,0.88,True,0.63,1
0.59,12961,6.8,"Machine Learning Fundamentals,Data Preprocessing,Model Evaluation",True,2,0,1,0.31,False,0.83,2
0.84,1497,8.1,"Programming Basics,Algorithms,Data Structures",False,6,2,2,0.83,True,0.28,1
0.88,2124,9.8,"Machine Learning Fundamentals,Data Preprocessing,Model Evaluation",False,3,5,3,0.37,False,0.11,2
0.69,8223,8.9,"Statistical Analysis,Data Visualization,Data Cleaning",False,5,3,1,0.68,True,0.75,2
0.89,4226,9.9,"Machine Learning Fundamentals,Data Preprocessing,Model Evaluation",False,2,5,2,0.65,True,0.83,0
0.87,7164,0.8,"Linear Regression,Neural Networks,Deep Learning",False,1,4,4,0.42,False,0.84,4
0.93,1100,9.7,"Statistical Analysis,Data Visualization,Data Cleaning",True,6,8,4,0.27,True,0.93,1
0.59,8587,2.5,"Programming Basics,Algorithms,Data Structures",False,3,3,4,0.88,True,0.96,4
0.89,5146,7.1,"Machine Learning Fundamentals,Data Preprocessing,Model Evaluation",False,6,6,2,0.71,True,0.64,1
0.83,3026,9.9,"Programming Basics,Algorithms,Data Structures",True,5,5,2,0.71,True,0.68,1
0.56,7390,6.4,"Statistical Analysis,Data Visualization,Data Cleaning",True,8,0,4,0.45,False,0.08,0
0.72,6028,7.0,"Programming Basics,Algorithms,Data Structures",False,3,9,3,0.89,True,0.33,3
0.73,17582,3.5,"Linear Regression,Neural Networks,Deep Learning",True,1,3,3,0.11,False,0.12,4
0.97,12534,4.9,"Linear Regression,Neural Networks,Deep Learning",False,5,8,4,0.0,True,0.74,2
0.65,17093,0.8,"Programming Basics,Algorithms,Data Structures",False,8,1,0,0.42,True,0.52,0
0.66,4648,1.8,"Programming Basics,Algorithms,Data Structures",False,8,9,3,0.33,True,0.71,3
0.61,15469,0.9,"Linear Regression,Neural Networks,Deep Learning",False,2,0,2,0.08,False,0.95,3
0.91,11109,3.5,"Programming Basics,Algorithms,Data Structures",True,8,7,1,0.18,True,0.2,2
0.59,10472,9.5,"Machine Learning Fundamentals,Data Preprocessing,Model Evaluation",False,3,5,2,0.27,True,0.03,0
0.55,6095,9.6,"Programming Basics,Algorithms,Data Structures",False,1,1,3,0.34,True,0.5,1
0.54,10814,6.7,"Linear Regression,Neural Networks,Deep Learning",False,9,9,2,0.89,False,0.95,4
0.8,4375,4.5,"Machine Learning Fundamentals,Data Preprocessing,Model Evaluation",False,5,1,1,0.35,True,0.75,3
1.0,19930,2.8,"Linear Regression,Neural Networks,Deep Learning",False,2,8,1,0.05,False,0.95,1
0.78,9892,9.2,"Programming Basics,Algorithms,Data Structures",True,5,0,0,0.17,False,0.21,1
0.64,18325,9.4,"Machine Learning Fundamentals,Data Preprocessing,Model Evaluation",False,5,1,3,0.24,True,0.23,4
0.66,14231,2.5,"Linear Regression,Neural Networks,Deep Learning",False,3,7,1,0.18,True,0.06,3
0.93,10961,9.9,"Machine Learning Fundamentals,Data Preprocessing,Model Evaluation",True,5,0,4,0.13,False,0.13,2
0.85,6205,3.4,"Machine Learning Fundamentals,Data Preprocessing,Model Evaluation",True,9,2,4,0.87,True,0.57,4
0.57,13698,8.7,"Statistical Analysis,Data Visualization,Data Cleaning",False,3,1,3,0.52,True,0.22,2
0.94,8778,6.5,"Programming Basics,Algorithms,Data Structures",False,5,8,2,0.08,False,0.45,3
0.97,2517,4.2,"Machine Learning Fundamentals,Data Preprocessing,Model Evaluation",False,8,3,1,0.82,True,0.53,4
0.53,18470,3.8,"Machine Learning Fundamentals,Data Preprocessing,Model Evaluation",True,9,3,3,0.38,False,0.11,0
0.55,9144,5.8,"Machine Learning Fundamentals,Data Preprocessing,Model Evaluation",False,8,2,0,0.49,True,0.65,0
0.96,1504,4.1,"Statistical Analysis,Data Visualization,Data Cleaning",False,1,8,1,0.36,True,0.78,1
0.91,615,8.4,"Statistical Analysis,Data Visualization,Data Cleaning",True,8,2,0,0.2,False,0.14,2
0.84,12253,4.4,"Statistical Analysis,Data Visualization,Data Cleaning",True,4,9,3,0.43,False,0.97,1
0.81,1850,9.5,"Linear Regression,Neural Networks,Deep Learning",False,5,1,3,0.5,True,0.72,0
0.99,16685,7.8,"Statistical Analysis,Data Visualization,Data Cleaning",True,9,8,2,0.7,False,0.2,2
0.6,14613,5.4,"Machine Learning Fundamentals,Data Preprocessing,Model Evaluation",True,4,6,0,0.36,True,0.79,2
0.66,17909,7.6,"Programming Basics,Algorithms,Data Structures",False,3,1,1,0.96,False,0.24,1
0.51,1846,2.6,"Programming Basics,Algorithms,Data Structures",False,7,7,3,0.25,False,1.0,3
0.91,7946,6.5,"Linear Regression,Neural Networks,Deep Learning",True,4,1,3,0.4,False,0.87,1
0.89,19634,9.2,"Linear Regression,Neural Networks,Deep Learning",True,5,8,3,0.25,True,0.22,4
0.74,1880,0.8,"Programming Basics,Algorithms,Data Structures",False,8,1,1,0.29,False,0.03,2
0.89,12442,3.7,"Programming Basics,Algorithms,Data Structures",False,4,0,0,0.27,False,0.69,3
0.64,18710,6.7,"Statistical Analysis,Data Visualization,Data Cleaning",True,9,7,3,0.47,False,0.11,1
0.77,18965,4.6,"Programming Basics,Algorithms,Data Structures",True,4,0,4,0.07,False,0.63,3
0.56,3140,7.0,"Statistical Analysis,Data Visualization,Data Cleaning",True,2,8,1,0.86,True,0.86,3
0.57,4073,6.4,"Statistical Analysis,Data Visualization,Data Cleaning",True,8,8,4,0.62,True,0.86,3
0.68,13564,2.5,"Linear Regression,Neural Networks,Deep Learning",False,7,9,4,0.72,True,0.28,4
0.99,11125,2.3,"Machine Learning Fundamentals,Data Preprocessing,Model Evaluation",False,8,9,3,0.96,False,0.26,1
0.81,19525,5.9,"Programming Basics,Algorithms,Data Structures",True,9,4,0,0.08,True,0.26,4
0.8,16809,2.0,"Linear Regression,Neural Networks,Deep Learning",False,9,6,3,0.0,False,0.72,2
0.67,12776,8.3,"Statistical Analysis,Data Visualization,Data Cleaning",True,3,5,3,0.61,True,0.32,3
0.65,6309,6.8,"Statistical Analysis,Data Visualization,Data Cleaning",False,1,6,1,0.5,True,0.52,3
0.67,8079,8.5,"Linear Regression,Neural Networks,Deep Learning",True,1,2,0,0.89,False,0.14,2
1.0,1990,9.9,"Linear Regression,Neural Networks,Deep Learning",False,7,2,1,0.37,True,0.87,4
0.55,10022,1.8,"Linear Regression,Neural Networks,Deep Learning",False,3,2,3,0.44,True,0.98,0
0.55,12056,9.2,"Programming Basics,Algorithms,Data Structures",True,2,6,4,0.56,True,0.28,1
0.72,10214,8.7,"Machine Learning Fundamentals,Data Preprocessing,Model Evaluation",True,7,0,4,0.66,True,0.78,4
0.56,792,5.9,"Machine Learning Fundamentals,Data Preprocessing,Model Evaluation",True,6,8,3,0.56,True,0.57,2
0.86,2730,7.8,"Linear Regression,Neural Networks,Deep Learning",True,2,1,1,0.62,False,0.58,0
0.75,10371,8.2,"Machine Learning Fundamentals,Data Preprocessing,Model Evaluation",True,4,2,0,0.55,True,0.16,3
0.74,4019,0.7,"Statistical Analysis,Data Visualization,Data Cleaning",True,8,6,3,0.78,False,0.81,1
0.69,16743,5.3,"Linear Regression,Neural Networks,Deep Learning",True,3,3,1,0.53,False,0.35,1
0.99,1576,1.6,"Linear Regression,Neural Networks,Deep Learning",False,4,8,1,0.08,True,0.68,2
0.6,14766,7.6,"Linear Regression,Neural Networks,Deep Learning",False,9,3,4,0.41,False,0.46,3
0.59,15288,1.6,"Machine Learning Fundamentals,Data Preprocessing,Model Evaluation",True,6,1,1,0.59,True,0.9,1
0.88,10696,8.8,"Linear Regression,Neural Networks,Deep Learning",True,8,6,4,0.32,False,0.54,3
0.82,10998,7.4,"Programming Basics,Algorithms,Data Structures",False,6,9,4,0.59,True,0.06,1
0.54,14613,2.7,"Linear Regression,Neural Networks,Deep Learning",False,5,9,1,0.51,True,0.15,1
0.58,10539,1.7,"Linear Regression,Neural Networks,Deep Learning",False,2,1,1,0.03,True,0.56,0
0.99,3158,2.1,"Linear Regression,Neural Networks,Deep Learning",True,6,3,0,0.54,True,0.79,0
0.76,18215,6.7,"Linear Regression,Neural Networks,Deep Learning",True,4,2,4,0.76,False,0.45,3
0.89,11592,2.7,"Linear Regression,Neural Networks,Deep Learning",True,9,2,1,0.94,True,0.96,0
0.91,19951,4.9,"Linear Regression,Neural Networks,Deep Learning",False,6,5,1,0.73,False,0.82,4
0.59,15384,1.3,"Programming Basics,Algorithms,Data Structures",True,4,8,1,0.49,False,0.41,4
0.77,9029,3.7,"Linear Regression,Neural Networks,Deep Learning",True,2,4,0,0.32,True,0.83,4
0.6,19812,3.9,"Statistical Analysis,Data Visualization,Data Cleaning",False,1,0,1,0.3,False,0.65,4
0.99,4039,9.7,"Statistical Analysis,Data Visualization,Data Cleaning",True,7,5,3,0.57,False,0.34,4
0.64,1092,5.3,"Programming Basics,Algorithms,Data Structures",True,2,1,2,0.95,True,0.51,2
0.63,12104,9.8,"Statistical Analysis,Data Visualization,Data Cleaning",True,4,7,3,0.84,False,0.85,0
0.74,12011,2.0,"Machine Learning Fundamentals,Data Preprocessing,Model Evaluation",False,7,6,0,0.92,True,0.24,0
0.51,10331,5.0,"Linear Regression,Neural Networks,Deep Learning",True,1,3,2,0.51,True,0.5,4
0.64,15387,1.5,"Statistical Analysis,Data Visualization,Data Cleaning",True,2,0,1,0.33,True,0.23,2
0.95,19288,0.9,"Programming Basics,Algorithms,Data Structures",True,2,9,1,0.95,False,0.12,1
0.78,6401,2.3,"Statistical Analysis,Data Visualization,Data Cleaning",False,9,7,1,0.17,True,0.85,4
0.6,12476,4.2,"Machine Learning Fundamentals,Data Preprocessing,Model Evaluation",True,3,3,1,0.64,False,0.78,1
0.93,13774,0.8,"Programming Basics,Algorithms,Data Structures",True,2,8,2,0.55,True,0.88,3
0.89,3805,8.3,"Statistical Analysis,Data Visualization,Data Cleaning",True,9,9,4,0.65,False,0.09,0
0.85,18066,2.0,"Programming Basics,Algorithms,Data Structures",False,7,0,2,0.11,False,0.74,4
0.53,14235,4.5,"Statistical Analysis,Data Visualization,Data Cleaning",False,6,9,2,0.07,False,0.85,3
0.84,2898,3.1,"Programming Basics,Algorithms,Data Structures",True,4,6,0,0.61,True,0.37,0
0.83,10942,7.4,"Programming Basics,Algorithms,Data Structures",False,9,8,1,0.09,False,0.84,0
0.63,16798,9.9,"Machine Learning Fundamentals,Data Preprocessing,Model Evaluation",False,6,7,2,0.89,True,0.25,3
0.68,8394,2.5,"Linear Regression,Neural Networks,Deep Learning",False,7,4,3,0.36,False,0.45,3
0.61,15850,1.4,"Linear Regression,Neural Networks,Deep Learning",False,2,2,4,0.74,True,0.33,4
0.79,18473,2.3,"Linear Regression,Neural Networks,Deep Learning",True,3,9,3,0.67,True,0.33,4
0.91,13041,9.2,"Machine Learning Fundamentals,Data Preprocessing,Model Evaluation",False,6,8,4,0.91,True,0.94,2
0.87,9933,5.9,"Linear Regression,Neural Networks,Deep Learning",False,8,9,2,0.26,False,0.36,0
0.91,17884,8.9,"Linear Regression,Neural Networks,Deep Learning",False,4,9,0,0.63,True,0.07,4
0.96,4492,3.5,"Programming Basics,Algorithms,Data Structures",False,5,9,0,0.06,True,0.47,3
0.97,4337,2.1,"Programming Basics,Algorithms,Data Structures",False,3,1,3,0.52,False,0.88,0
0.68,15635,5.2,"Machine Learning Fundamentals,Data Preprocessing,Model Evaluation",True,7,6,0,0.74,True,0.62,3
0.74,19950,5.2,"Linear Regression,Neural Networks,Deep Learning",False,2,8,4,0.55,False,0.19,3
0.68,15614,5.8,"Statistical Analysis,Data Visualization,Data Cleaning",True,1,2,4,0.06,False,0.57,1
0.67,17335,3.9,"Programming Basics,Algorithms,Data Structures",False,4,8,3,0.72,False,0.68,0
0.7,7747,9.7,"Linear Regression,Neural Networks,Deep Learning",False,3,5,4,0.14,False,0.65,2
0.78,19063,7.3,"Statistical Analysis,Data Visualization,Data Cleaning",False,1,3,0,0.12,True,0.47,3
0.53,12626,4.9,"Linear Regression,Neural Networks,Deep Learning",False,2,3,0,0.86,False,0.6,0
0.89,1739,3.6,"Programming Basics,Algorithms,Data Structures",False,7,9,3,0.34,True,0.36,1
0.66,2405,9.5,"Statistical Analysis,Data Visualization,Data Cleaning",False,7,7,2,0.42,False,0.36,2
0.57,9436,2.3,"Programming Basics,Algorithms,Data Structures",True,8,6,1,0.9,True,0.6,2
0.93,18244,6.0,"Programming Basics,Algorithms,Data Structures",False,9,8,2,0.93,False,0.45,3
0.8,2748,4.0,"Linear Regression,Neural Networks,Deep Learning",False,9,9,4,0.06,True,0.02,2
0.86,11746,3.1,"Machine Learning Fundamentals,Data Preprocessing,Model Evaluation",True,5,1,4,0.68,True,0.24,0
0.65,13975,6.2,"Machine Learning Fundamentals,Data Preprocessing,Model Evaluation",False,9,6,3,0.56,False,0.57,1
0.61,9907,5.1,"Programming Basics,Algorithms,Data Structures",False,2,1,3,0.42,False,0.94,2
0.63,1229,7.3,"Programming Basics,Algorithms,Data Structures",True,6,9,3,0.77,False,0.56,4
0.57,11861,4.3,"Programming Basics,Algorithms,Data Structures",False,6,4,4,0.9,True,0.56,2
0.81,10815,3.4,"Machine Learning Fundamentals,Data Preprocessing,Model Evaluation",True,5,6,1,0.66,True,0.89,4
0.75,13552,4.8,"Programming Basics,Algorithms,Data Structures",True,5,6,1,0.37,True,0.19,4
0.86,6390,7.8,"Programming Basics,Algorithms,Data Structures",False,4,5,2,0.73,True,0.99,2
0.65,19679,7.6,"Machine Learning Fundamentals,Data Preprocessing,Model Evaluation",False,2,8,0,0.85,False,0.05,0
0.63,17908,4.1,"Linear Regression,Neural Networks,Deep Learning",False,9,4,3,0.91,True,0.71,3
0.98,16014,1.5,"Linear Regression,Neural Networks,Deep Learning",False,6,2,4,0.56,False,0.32,3
0.71,10207,6.6,"Programming Basics,Algorithms,Data Structures",True,8,7,0,0.32,False,0.76,0
0.89,3839,7.0,"Statistical Analysis,Data Visualization,Data Cleaning",True,3,6,4,0.52,True,0.06,1
0.62,1704,0.0,"Linear Regression,Neural Networks,Deep Learning",False,9,9,4,0.28,True,0.71,0
0.77,709,1.6,"Programming Basics,Algorithms,Data Structures",True,2,1,3,0.92,True,0.77,2
0.91,11573,9.9,"Linear Regression,Neural Networks,Deep Learning",False,9,1,2,0.31,False,0.21,1
0.8,8213,2.7,"Statistical Analysis,Data Visualization,Data Cleaning",False,4,9,4,0.37,True,0.89,2
0.99,16870,6.8,"Statistical Analysis,Data Visualization,Data Cleaning",True,8,0,4,0.81,True,0.55,3
0.75,3596,5.0,"Statistical Analysis,Data Visualization,Data Cleaning",False,2,6,4,0.83,True,0.1,1
0.68,9102,9.8,"Programming Basics,Algorithms,Data Structures",False,4,0,3,0.26,False,0.94,0
0.97,11535,5.3,"Linear Regression,Neural Networks,Deep Learning",False,6,4,0,0.53,True,0.55,4
0.83,12283,0.5,"Statistical Analysis,Data Visualization,Data Cleaning",True,9,5,1,0.57,False,0.13,3
0.94,2163,9.7,"Machine Learning Fundamentals,Data Preprocessing,Model Evaluation",False,4,6,0,0.29,False,0.68,1
0.72,6735,2.9,"Programming Basics,Algorithms,Data Structures",True,6,5,2,0.23,False,0.09,4
0.88,8631,2.7,"Programming Basics,Algorithms,Data Structures",False,3,4,2,0.19,True,0.54,4
0.78,7882,2.8,"Statistical Analysis,Data Visualization,Data Cleaning",True,6,1,1,0.61,True,0.93,0
0.56,2787,9.1,"Linear Regression,Neural Networks,Deep Learning",False,1,5,3,0.21,True,0.79,4
0.8,1237,1.3,"Linear Regression,Neural Networks,Deep Learning",False,2,0,3,0.4,False,0.38,2
0.76,6796,6.2,"Machine Learning Fundamentals,Data Preprocessing,Model Evaluation",False,5,0,3,0.22,False,0.84,3
0.88,9954,3.3,"Machine Learning Fundamentals,Data Preprocessing,Model Evaluation",False,5,7,0,0.81,False,0.36,2
0.94,9088,7.9,"Linear Regression,Neural Networks,Deep Learning",True,2,4,4,0.48,True,0.22,1
0.79,5167,6.3,"Statistical Analysis,Data Visualization,Data Cleaning",False,3,1,3,0.88,False,0.18,4
0.97,15942,4.8,"Linear Regression,Neural Networks,Deep Learning",True,2,0,0,0.37,False,0.19,1
0.66,2231,1.6,"Statistical Analysis,Data Visualization,Data Cleaning",True,5,5,1,0.16,False,0.13,4
0.71,8231,7.1,"Programming Basics,Algorithms,Data Structures",False,6,2,2,0.25,False,0.15,3
0.97,7929,9.5,"Linear Regression,Neural Networks,Deep Learning",True,9,8,2,0.43,True,0.66,1
0.67,19420,8.2,"Machine Learning Fundamentals,Data Preprocessing,Model Evaluation",True,7,1,0,0.54,True,0.78,1
0.6,8426,6.4,"Machine Learning Fundamentals,Data Preprocessing,Model Evaluation",True,7,7,3,0.08,False,0.34,1
0.61,4013,10.0,"Programming Basics,Algorithms,Data Structures",False,1,3,0,0.97,False,0.66,3
0.93,665,1.3,"Statistical Analysis,Data Visualization,Data Cleaning",False,2,4,1,0.79,True,0.52,1
0.89,3219,3.8,"Statistical Analysis,Data Visualization,Data Cleaning",True,4,0,3,0.22,True,0.15,2
0.95,4050,7.3,"Machine Learning Fundamentals,Data Preprocessing,Model Evaluation",True,7,4,1,0.58,True,0.89,3
0.88,2876,2.3,"Linear Regression,Neural Networks,Deep Learning",False,8,5,3,0.97,False,0.31,2
0.57,5745,4.9,"Statistical Analysis,Data Visualization,Data Cleaning",False,4,2,0,0.45,True,0.91,2
0.73,1784,9.8,"Programming Basics,Algorithms,Data Structures",True,3,3,4,0.05,True,0.52,4
0.82,2501,1.1,"Machine Learning Fundamentals,Data Preprocessing,Model Evaluation",False,1,3,2,0.59,False,0.94,0
0.66,10030,0.0,"Programming Basics,Algorithms,Data Structures",False,8,7,2,0.53,False,0.58,3
0.92,18535,5.7,"Statistical Analysis,Data Visualization,Data Cleaning",False,5,3,4,0.98,False,0.6,3
0.84,19965,8.1,"Programming Basics,Algorithms,Data Structures",False,2,5,1,0.97,True,0.07,4
0.73,9266,2.2,"Linear Regression,Neural Networks,Deep Learning",False,1,7,0,0.81,True,0.53,0
0.51,5880,4.5,"Linear Regression,Neural Networks,Deep Learning",True,3,3,3,0.16,False,0.11,3
0.89,2727,4.8,"Machine Learning Fundamentals,Data Preprocessing,Model Evaluation",True,2,4,4,0.59,False,0.67,3
0.77,12592,0.5,"Statistical Analysis,Data Visualization,Data Cleaning",False,4,2,1,0.69,False,0.82,1
0.66,5530,7.0,"Statistical Analysis,Data Visualization,Data Cleaning",False,6,6,4,0.19,True,0.37,3
0.71,8701,4.9,"Programming Basics,Algorithms,Data Structures",True,4,9,0,0.86,True,0.89,3
0.99,9575,6.8,"Statistical Analysis,Data Visualization,Data Cleaning",False,3,2,3,0.27,False,0.02,3
0.81,13108,5.1,"Machine Learning Fundamentals,Data Preprocessing,Model Evaluation",True,9,4,1,0.97,False,0.48,3
0.91,14099,6.2,"Machine Learning Fundamentals,Data Preprocessing,Model Evaluation",False,3,6,4,0.39,False,0.38,3
0.75,702,0.8,"Machine Learning Fundamentals,Data Preprocessing,Model Evaluation",False,2,5,0,0.15,True,0.78,4
0.6,14482,5.8,"Programming Basics,Algorithms,Data Structures",True,7,0,1,0.22,True,0.69,0
0.72,15486,2.9,"Programming Basics,Algorithms,Data Structures",True,5,2,2,0.8,False,0.63,0
0.65,10340,7.1,"Machine Learning Fundamentals,Data Preprocessing,Model Evaluation",False,3,8,2,0.18,True,0.78,3
0.6,19573,2.7,"Linear Regression,Neural Networks,Deep Learning",True,4,6,2,0.19,True,0.57,1
0.68,8847,8.6,"Programming Basics,Algorithms,Data Structures",False,2,5,3,0.3,True,0.4,3
0.74,14369,8.8,"Programming Basics,Algorithms,Data Structures",False,2,0,0,0.2,False,0.25,1
0.56,3936,7.3,"Machine Learning Fundamentals,Data Preprocessing,Model Evaluation",True,5,5,1,0.8,True,0.19,4
0.69,12250,9.8,"Machine Learning Fundamentals,Data Preprocessing,Model Evaluation",True,8,1,4,0.37,True,0.44,0
0.93,1817,5.7,"Programming Basics,Algorithms,Data Structures",True,4,1,0,0.43,True,0.54,3
0.65,16211,2.9,"Machine Learning Fundamentals,Data Preprocessing,Model Evaluation",False,4,0,0,0.92,True,0.62,3
0.53,12833,6.6,"Machine Learning Fundamentals,Data Preprocessing,Model Evaluation",False,2,1,1,0.98,True,0.18,3
0.6,16497,3.4,"Linear Regression,Neural Networks,Deep Learning",False,2,2,0,0.86,True,0.78,1
0.53,3174,2.3,"Statistical Analysis,Data Visualization,Data Cleaning",True,7,0,4,0.5,False,0.27,0
0.97,14296,8.2,"Machine Learning Fundamentals,Data Preprocessing,Model Evaluation",True,7,8,1,0.47,True,0.9,2
0.75,13412,8.3,"Statistical Analysis,Data Visualization,Data Cleaning",True,2,5,2,0.94,False,0.43,3
0.79,8448,9.8,"Statistical Analysis,Data Visualization,Data Cleaning",True,3,6,3,0.84,True,0.54,3
0.91,9317,6.9,"Statistical Analysis,Data Visualization,Data Cleaning",True,7,1,4,0.11,True,0.46,1
0.57,15882,1.9,"Linear Regression,Neural Networks,Deep Learning",False,2,6,3,0.16,False,0.17,3
0.81,1009,5.8,"Linear Regression,Neural Networks,Deep Learning",False,9,7,0,0.59,False,0.79,3
0.88,16841,3.9,"Machine Learning Fundamentals,Data Preprocessing,Model Evaluation",False,8,4,4,0.37,True,0.4,2
0.65,7195,3.5,"Statistical Analysis,Data Visualization,Data Cleaning",False,6,8,2,0.88,False,0.68,1
0.97,12179,0.9,"Linear Regression,Neural Networks,Deep Learning",False,3,6,3,0.38,True,0.3,1
0.97,5037,4.5,"Linear Regression,Neural Networks,Deep Learning",False,7,4,2,0.47,False,0.63,4
0.97,11266,7.9,"Programming Basics,Algorithms,Data Structures",True,5,6,4,0.37,True,0.7,2
0.96,7787,8.2,"Linear Regression,Neural Networks,Deep Learning",False,3,8,0,0.48,True,0.89,2
0.91,16559,7.0,"Programming Basics,Algorithms,Data Structures",False,5,4,4,0.95,True,0.77,1
0.93,728,9.9,"Linear Regression,Neural Networks,Deep Learning",False,7,6,3,0.58,False,0.07,0
0.97,16119,2.1,"Linear Regression,Neural Networks,Deep Learning",False,5,9,2,0.04,False,0.57,2
0.63,16561,0.1,"Machine Learning Fundamentals,Data Preprocessing,Model Evaluation",True,7,0,1,0.54,False,0.05,1
0.65,6758,0.6,"Linear Regression,Neural Networks,Deep Learning",False,5,9,2,0.61,False,0.88,1
0.64,1062,4.9,"Programming Basics,Algorithms,Data Structures",True,6,4,4,0.61,True,0.99,2
0.84,17233,9.6,"Programming Basics,Algorithms,Data Structures",True,9,5,4,0.33,True,0.54,2
0.8,14578,8.0,"Machine Learning Fundamentals,Data Preprocessing,Model Evaluation",True,4,0,4,0.55,False,0.98,2
0.68,18109,5.0,"Statistical Analysis,Data Visualization,Data Cleaning",False,1,0,3,0.78,False,0.68,4
0.98,15132,3.3,"Machine Learning Fundamentals,Data Preprocessing,Model Evaluation",True,1,9,2,0.4,True,0.53,0
0.78,5551,3.6,"Linear Regression,Neural Networks,Deep Learning",False,1,1,3,0.99,True,0.18,0
0.54,10986,9.2,"Linear Regression,Neural Networks,Deep Learning",True,9,8,2,0.71,True,0.06,3
0.82,12107,2.3,"Machine Learning Fundamentals,Data Preprocessing,Model Evaluation",False,9,9,1,0.81,True,0.67,1
0.56,14616,9.2,"Programming Basics,Algorithms,Data Structures",False,2,5,0,0.97,True,0.24,0
0.59,5012,2.6,"Machine Learning Fundamentals,Data Preprocessing,Model Evaluation",False,3,9,1,0.27,False,0.85,3
0.83,17126,9.2,"Statistical Analysis,Data Visualization,Data Cleaning",True,2,2,4,0.76,True,0.48,4
0.86,12686,1.5,"Linear Regression,Neural Networks,Deep Learning",False,9,6,4,0.72,False,0.35,1
0.86,18408,5.0,"Machine Learning Fundamentals,Data Preprocessing,Model Evaluation",False,5,9,0,0.83,True,0.69,0
0.69,13116,1.7,"Machine Learning Fundamentals,Data Preprocessing,Model Evaluation",True,1,3,4,0.42,True,0.56,0
0.74,10272,7.4,"Statistical Analysis,Data Visualization,Data Cleaning",True,3,9,0,0.41,False,0.04,3
0.54,9392,6.2,"Statistical Analysis,Data Visualization,Data Cleaning",False,9,1,1,0.33,True,0.61,1
0.85,10035,4.3,"Programming Basics,Algorithms,Data Structures",True,8,6,3,0.04,True,0.82,3
0.57,17271,8.3,"Linear Regression,Neural Networks,Deep Learning",True,5,6,2,0.86,True,0.7,3
0.73,7359,7.1,"Linear Regression,Neural Networks,Deep Learning",True,2,0,1,0.04,False,0.24,2
0.82,12813,2.9,"Machine Learning Fundamentals,Data Preprocessing,Model Evaluation",False,4,5,2,0.88,True,0.22,1
0.9,18968,1.4,"Linear Regression,Neural Networks,Deep Learning",False,8,5,1,0.86,False,0.59,3
0.68,14512,1.4,"Statistical Analysis,Data Visualization,Data Cleaning",True,3,6,1,0.64,True,0.31,3
0.76,4098,7.6,"Programming Basics,Algorithms,Data Structures",False,3,4,0,0.99,False,0.41,2
0.93,14780,0.8,"Linear Regression,Neural Networks,Deep Learning",False,7,5,1,0.42,False,0.59,2
0.91,19139,3.2,"Linear Regression,Neural Networks,Deep Learning",False,5,3,0,0.88,True,0.19,0
0.64,7274,6.1,"Programming Basics,Algorithms,Data Structures",True,3,1,3,0.31,True,0.96,2
0.81,10632,3.4,"Statistical Analysis,Data Visualization,Data Cleaning",True,6,7,0,0.6,False,0.16,0
0.9,15471,6.2,"Linear Regression,Neural Networks,Deep Learning",True,6,4,0,0.43,False,0.72,3
0.72,12552,2.2,"Machine Learning Fundamentals,Data Preprocessing,Model Evaluation",True,6,7,2,0.38,False,0.4,1
0.55,9059,4.2,"Linear Regression,Neural Networks,Deep Learning",True,4,3,4,0.95,True,0.17,2
0.97,9286,7.2,"Linear Regression,Neural Networks,Deep Learning",True,6,7,3,0.67,True,0.26,3
0.8,19003,2.3,"Programming Basics,Algorithms,Data Structures",True,1,8,0,0.63,True,0.71,3
0.6,18152,2.5,"Statistical Analysis,Data Visualization,Data Cleaning",True,6,6,1,0.34,False,0.38,0
0.96,5537,5.0,"Statistical Analysis,Data Visualization,Data Cleaning",True,6,6,0,0.8,True,0.95,2
0.88,17697,3.0,"Programming Basics,Algorithms,Data Structures",True,9,3,3,0.67,True,0.21,2
0.91,14011,2.7,"Machine Learning Fundamentals,Data Preprocessing,Model Evaluation",False,2,5,4,0.06,False,0.11,0
0.71,1820,1.3,"Linear Regression,Neural Networks,Deep Learning",True,8,1,4,0.23,False,0.64,1
0.95,14516,9.3,"Machine Learning Fundamentals,Data Preprocessing,Model Evaluation",True,5,9,0,0.33,True,0.88,2
0.93,4277,5.5,"Statistical Analysis,Data Visualization,Data Cleaning",True,2,8,3,0.62,True,0.57,1
0.57,19176,1.8,"Programming Basics,Algorithms,Data Structures",True,1,0,1,0.64,True,0.28,2
0.72,16391,0.5,"Machine Learning Fundamentals,Data Preprocessing,Model Evaluation",False,9,8,0,0.51,True,0.85,2
0.63,6329,8.0,"Linear Regression,Neural Networks,Deep Learning",True,4,4,4,0.27,True,0.41,2
0.77,14018,6.7,"Programming Basics,Algorithms,Data Structures",True,2,3,3,0.4,True,0.62,0
0.91,5979,7.6,"Machine Learning Fundamentals,Data Preprocessing,Model Evaluation",False,1,1,1,0.05,True,0.15,1
0.81,7763,9.1,"Linear Regression,Neural Networks,Deep Learning",False,8,6,4,0.78,False,0.2,1
0.53,9486,2.7,"Programming Basics,Algorithms,Data Structures",True,4,0,0,0.22,False,0.59,1
0.71,7550,3.3,"Programming Basics,Algorithms,Data Structures",True,4,3,2,0.64,False,0.48,0
0.51,11723,6.9,"Machine Learning Fundamentals,Data Preprocessing,Model Evaluation",False,5,9,0,0.62,True,0.96,0
0.99,5945,9.1,"Statistical Analysis,Data Visualization,Data Cleaning",True,5,1,3,0.76,True,0.95,3
0.77,1605,8.4,"Linear Regression,Neural Networks,Deep Learning",True,5,0,2,0.47,False,0.71,4
0.89,19441,6.2,"Linear Regression,Neural Networks,Deep Learning",True,8,4,1,0.75,True,0.36,0
0.73,8731,9.7,"Programming Basics,Algorithms,Data Structures",True,3,0,2,0.46,True,0.9,4
0.56,15333,5.4,"Statistical Analysis,Data Visualization,Data Cleaning",False,2,9,4,0.85,True,0.18,4
0.53,13953,2.3,"Linear Regression,Neural Networks,Deep Learning",False,2,4,1,0.17,False,0.07,1
0.78,8242,4.8,"Programming Basics,Algorithms,Data Structures",False,6,8,1,0.4,True,0.82,2
0.88,13051,4.2,"Programming Basics,Algorithms,Data Structures",True,7,8,1,0.51,True,0.79,4
0.95,7777,3.6,"Statistical Analysis,Data Visualization,Data Cleaning",False,1,5,3,0.62,True,0.24,4
0.78,1152,9.9,"Statistical Analysis,Data Visualization,Data Cleaning",True,6,7,3,0.48,False,0.35,1
0.53,8534,7.5,"Statistical Analysis,Data Visualization,Data Cleaning",True,9,9,4,0.21,False,0.37,0
0.68,2390,8.3,"Statistical Analysis,Data Visualization,Data Cleaning",False,5,8,3,0.26,False,0.53,0
0.87,8289,5.0,"Statistical Analysis,Data Visualization,Data Cleaning",False,5,6,1,0.06,False,0.67,0
0.98,10672,9.5,"Statistical Analysis,Data Visualization,Data Cleaning",False,2,1,2,0.81,False,0.61,2
0.55,11686,7.5,"Programming Basics,Algorithms,Data Structures",False,6,0,2,0.09,False,0.48,2
0.95,9616,7.1,"Linear Regression,Neural Networks,Deep Learning",False,4,3,3,0.3,True,0.05,1
0.73,6312,1.3,"Linear Regression,Neural Networks,Deep Learning",True,7,9,1,0.51,False,0.63,3
0.97,11024,5.2,"Statistical Analysis,Data Visualization,Data Cleaning",False,4,5,0,0.45,True,0.77,0
0.76,19704,0.1,"Linear Regression,Neural Networks,Deep Learning",True,1,2,1,0.7,False,0.72,0
0.97,2529,7.9,"Statistical Analysis,Data Visualization,Data Cleaning",False,2,9,2,0.73,False,0.09,2
0.9,18884,6.1,"Machine Learning Fundamentals,Data Preprocessing,Model Evaluation",False,9,7,2,0.48,False,0.19,2
0.58,15146,8.8,"Programming Basics,Algorithms,Data Structures",True,6,5,1,0.11,True,0.8,1
0.92,3101,3.9,"Linear Regression,Neural Networks,Deep Learning",True,9,8,4,0.93,True,0.4,3
1.0,5994,3.5,"Programming Basics,Algorithms,Data Structures",False,5,7,0,0.68,True,0.0,0
0.52,7945,8.3,"Programming Basics,Algorithms,Data Structures",True,4,1,3,0.21,True,0.16,3
0.79,7706,0.2,"Statistical Analysis,Data Visualization,Data Cleaning",False,3,3,1,0.29,False,0.37,1
0.9,11649,8.6,"Linear Regression,Neural Networks,Deep Learning",True,3,3,4,0.46,False,0.21,4
0.74,11831,5.3,"Programming Basics,Algorithms,Data Structures",False,5,1,0,0.45,True,0.12,2
0.56,14165,4.0,"Linear Regression,Neural Networks,Deep Learning",True,7,5,2,0.13,False,0.21,3
0.71,13860,0.1,"Programming Basics,Algorithms,Data Structures",True,7,9,3,0.72,False,0.25,1
0.62,9959,6.0,"Programming Basics,Algorithms,Data Structures",True,4,8,0,0.22,False,0.09,4
0.62,14316,0.5,"Statistical Analysis,Data Visualization,Data Cleaning",True,3,6,3,0.09,False,0.52,1
0.85,17822,0.8,"Statistical Analysis,Data Visualization,Data Cleaning",True,9,0,4,0.24,True,0.85,3
0.56,18510,1.3,"Machine Learning Fundamentals,Data Preprocessing,Model Evaluation",False,4,1,2,0.2,True,0.0,2
0.77,4672,9.9,"Linear Regression,Neural Networks,Deep Learning",True,2,6,2,0.42,False,0.94,1
0.67,13191,2.3,"Linear Regression,Neural Networks,Deep Learning",True,9,4,4,0.68,False,0.28,3
0.67,6706,4.2,"Linear Regression,Neural Networks,Deep Learning",True,4,9,1,0.68,False,0.2,0
0.91,12872,9.1,"Programming Basics,Algorithms,Data Structures",False,4,0,1,0.53,False,0.96,0
0.59,3946,8.9,"Linear Regression,Neural Networks,Deep Learning",True,8,7,1,0.83,True,0.64,2
0.91,2518,9.5,"Linear Regression,Neural Networks,Deep Learning",False,5,6,4,0.69,False,0.93,0
0.75,4252,0.9,"Statistical Analysis,Data Visualization,Data Cleaning",False,8,3,3,0.31,False,0.35,0
0.78,2896,8.5,"Programming Basics,Algorithms,Data Structures",False,7,1,4,0.02,False,0.52,1
0.51,11315,7.1,"Machine Learning Fundamentals,Data Preprocessing,Model Evaluation",True,1,4,0,0.74,True,0.79,2
0.72,12396,9.1,"Programming Basics,Algorithms,Data Structures",True,1,6,3,0.91,False,0.88,1
0.76,18379,6.4,"Linear Regression,Neural Networks,Deep Learning",False,7,9,0,0.34,False,0.27,2
0.56,13345,2.4,"Linear Regression,Neural Networks,Deep Learning",False,3,4,3,0.47,True,0.63,3
0.63,14572,6.7,"Linear Regression,Neural Networks,Deep Learning",True,7,3,1,0.69,False,0.29,3
0.84,3128,7.6,"Statistical Analysis,Data Visualization,Data Cleaning",False,7,9,2,0.74,False,0.43,3
0.73,8260,6.6,"Statistical Analysis,Data Visualization,Data Cleaning",True,2,1,1,0.29,False,0.68,3
0.63,6451,1.7,"Linear Regression,Neural Networks,Deep Learning",False,6,2,4,0.94,False,0.82,2
0.5,2718,2.2,"Statistical Analysis,Data Visualization,Data Cleaning",False,3,3,3,0.09,False,0.02,3
0.95,11922,5.4,"Programming Basics,Algorithms,Data Structures",False,7,8,4,0.85,True,0.15,1
0.76,8236,6.4,"Linear Regression,Neural Networks,Deep Learning",False,8,9,0,0.97,False,0.37,0
0.65,19418,1.8,"Linear Regression,Neural Networks,Deep Learning",False,7,1,0,0.29,True,0.15,2
0.56,7641,9.5,"Linear Regression,Neural Networks,Deep Learning",False,2,9,4,0.11,False,0.7,4
0.71,8442,7.1,"Programming Basics,Algorithms,Data Structures",True,4,3,0,0.88,False,0.98,0
0.58,6463,5.6,"Programming Basics,Algorithms,Data Structures",True,8,9,0,0.65,False,0.58,4
0.55,6013,6.9,"Programming Basics,Algorithms,Data Structures",True,3,2,4,0.48,True,0.48,1
0.51,17676,2.2,"Statistical Analysis,Data Visualization,Data Cleaning",True,2,9,2,0.84,True,0.68,1
0.83,15540,1.9,"Programming Basics,Algorithms,Data Structures",True,2,7,3,0.49,True,0.48,3
0.88,7003,5.7,"Machine Learning Fundamentals,Data Preprocessing,Model Evaluation",False,7,6,0,0.04,True,0.23,1
0.55,8226,8.5,"Machine Learning Fundamentals,Data Preprocessing,Model Evaluation",False,1,1,0,0.92,True,0.88,3
0.54,5273,7.6,"Machine Learning Fundamentals,Data Preprocessing,Model Evaluation",False,8,6,4,0.23,True,0.08,2
0.96,13907,9.4,"Programming Basics,Algorithms,Data Structures",False,2,5,0,0.85,True,0.28,1
0.96,2510,3.9,"Machine Learning Fundamentals,Data Preprocessing,Model Evaluation",True,9,3,4,0.5,True,0.68,3
0.88,2460,6.8,"Programming Basics,Algorithms,Data Structures",False,4,8,0,0.34,False,0.79,1
0.66,7952,0.4,"Machine Learning Fundamentals,Data Preprocessing,Model Evaluation",False,6,6,0,0.63,True,0.07,0
0.58,17734,0.2,"Linear Regression,Neural Networks,Deep Learning",True,6,4,0,0.05,False,0.22,2
0.55,960,9.1,"Programming Basics,Algorithms,Data Structures",True,7,8,0,0.3,False,0.39,1
0.54,5377,3.0,"Machine Learning Fundamentals,Data Preprocessing,Model Evaluation",True,7,1,0,0.4,True,0.16,4
0.85,4392,7.6,"Machine Learning Fundamentals,Data Preprocessing,Model Evaluation",False,6,4,2,0.92,False,0.1,0
0.58,10872,6.7,"Programming Basics,Algorithms,Data Structures",True,9,6,3,0.18,True,0.99,4
0.72,14110,9.1,"Statistical Analysis,Data Visualization,Data Cleaning",False,1,2,2,0.13,True,0.3,0
0.56,16482,3.0,"Machine Learning Fundamentals,Data Preprocessing,Model Evaluation",False,2,8,2,0.9,False,0.48,0
0.57,10904,8.1,"Linear Regression,Neural Networks,Deep Learning",True,5,8,3,0.07,True,0.31,4
0.79,3016,8.1,"Programming Basics,Algorithms,Data Structures",False,6,2,1,0.19,True,0.46,4
0.58,11390,3.6,"Programming Basics,Algorithms,Data Structures",False,2,8,0,0.01,True,0.58,2
0.75,3512,0.3,"Linear Regression,Neural Networks,Deep Learning",True,6,3,4,0.03,False,0.9,0
0.69,8378,2.3,"Programming Basics,Algorithms,Data Structures",True,9,1,2,0.21,True,0.65,3
0.99,1596,3.2,"Linear Regression,Neural Networks,Deep Learning",True,7,5,1,0.47,False,0.23,1
0.93,1395,2.4,"Linear Regression,Neural Networks,Deep Learning",True,2,1,0,0.44,True,0.53,0
0.77,784,3.2,"Programming Basics,Algorithms,Data Structures",True,4,6,3,0.23,True,0.05,2
1.0,2116,0.8,"Statistical Analysis,Data Visualization,Data Cleaning",True,3,1,0,0.72,False,0.23,2
0.9,15441,5.2,"Linear Regression,Neural Networks,Deep Learning",True,9,7,0,0.17,False,0.82,4
0.58,6500,1.6,"Linear Regression,Neural Networks,Deep Learning",True,7,1,0,0.98,False,0.16,1
0.69,1930,7.9,"Programming Basics,Algorithms,Data Structures",True,7,1,0,0.9,False,0.77,3
0.96,11132,1.5,"Machine Learning Fundamentals,Data Preprocessing,Model Evaluation",True,3,1,2,0.7,False,0.2,3
0.92,18263,3.9,"Machine Learning Fundamentals,Data Preprocessing,Model Evaluation",True,5,3,4,0.16,False,0.12,4
1.0,3073,4.7,"Statistical Analysis,Data Visualization,Data Cleaning",False,9,1,1,0.01,False,0.28,4
0.97,12996,2.8,"Statistical Analysis,Data Visualization,Data Cleaning",True,2,8,2,0.51,True,0.21,1
0.68,9048,1.5,"Linear Regression,Neural Networks,Deep Learning",False,2,0,2,0.96,False,0.18,0
0.69,13221,2.5,"Machine Learning Fundamentals,Data Preprocessing,Model Evaluation",True,9,9,1,0.31,False,0.98,0
0.69,18262,5.4,"Linear Regression,Neural Networks,Deep Learning",False,7,5,0,0.03,True,0.0,0
0.52,15848,6.8,"Programming Basics,Algorithms,Data Structures",True,2,0,2,0.64,True,0.7,4
0.93,14741,1.0,"Programming Basics,Algorithms,Data Structures",False,9,8,1,0.37,False,0.85,3
0.82,18729,6.4,"Statistical Analysis,Data Visualization,Data Cleaning",True,1,5,1,0.84,False,0.99,4
0.88,16516,8.0,"Programming Basics,Algorithms,Data Structures",True,2,4,1,0.96,False,0.1,2
0.92,3852,5.1,"Statistical Analysis,Data Visualization,Data Cleaning",True,6,0,2,0.66,False,0.57,4
0.83,10891,4.3,"Linear Regression,Neural Networks,Deep Learning",False,7,6,1,0.41,True,0.74,2
0.82,18371,8.0,"Statistical Analysis,Data Visualization,Data Cleaning",False,3,4,3,0.88,True,0.88,4
0.82,6084,8.9,"Programming Basics,Algorithms,Data Structures",False,8,1,1,0.66,False,0.76,4
0.51,4930,5.6,"Linear Regression,Neural Networks,Deep Learning",False,8,5,4,0.44,True,0.58,1
0.92,8348,9.7,"Statistical Analysis,Data Visualization,Data Cleaning",True,9,8,2,0.54,True,0.64,2
0.53,2296,5.5,"Programming Basics,Algorithms,Data Structures",True,9,2,4,0.5,False,0.39,1
0.67,5991,3.2,"Programming Basics,Algorithms,Data Structures",False,6,9,4,0.73,False,0.85,2
0.7,12280,8.7,"Machine Learning Fundamentals,Data Preprocessing,Model Evaluation",True,3,4,3,0.67,False,0.52,2
0.58,2739,7.5,"Statistical Analysis,Data Visualization,Data Cleaning",True,3,8,4,0.01,False,0.78,1
0.85,19594,4.4,"Machine Learning Fundamentals,Data Preprocessing,Model Evaluation",False,5,7,1,0.63,True,0.2,4
0.63,3344,2.8,"Machine Learning Fundamentals,Data Preprocessing,Model Evaluation",True,4,0,4,0.71,False,0.4,4
0.9,16752,5.6,"Linear Regression,Neural Networks,Deep Learning",True,3,4,4,0.11,True,0.07,3
0.67,18460,3.0,"Linear Regression,Neural Networks,Deep Learning",False,6,1,1,0.47,True,0.0,0
0.88,13096,3.5,"Programming Basics,Algorithms,Data Structures",True,1,3,4,0.95,False,0.37,4
0.91,15054,6.5,"Linear Regression,Neural Networks,Deep Learning",False,5,1,2,0.82,False,0.59,4
0.84,11216,5.5,"Machine Learning Fundamentals,Data Preprocessing,Model Evaluation",True,5,7,0,0.01,False,0.14,4
0.89,11847,3.3,"Statistical Analysis,Data Visualization,Data Cleaning",False,8,8,3,0.74,False,0.4,3
0.53,5445,7.8,"Machine Learning Fundamentals,Data Preprocessing,Model Evaluation",True,4,2,4,0.94,False,0.74,1
0.63,17818,7.0,"Machine Learning Fundamentals,Data Preprocessing,Model Evaluation",False,1,3,4,0.84,True,0.41,0
0.65,2508,1.7,"Machine Learning Fundamentals,Data Preprocessing,Model Evaluation",False,1,6,3,0.41,True,0.88,0
0.68,6679,5.9,"Machine Learning Fundamentals,Data Preprocessing,Model Evaluation",False,3,9,0,0.49,True,0.33,3
0.83,9964,2.4,"Programming Basics,Algorithms,Data Structures",True,9,0,1,0.02,True,0.57,0
0.93,11709,0.3,"Programming Basics,Algorithms,Data Structures",False,7,1,2,0.61,False,0.07,2
0.94,9324,3.2,"Linear Regression,Neural Networks,Deep Learning",True,6,5,4,0.35,False,0.24,1
0.82,3239,7.9,"Statistical Analysis,Data Visualization,Data Cleaning",False,9,9,4,0.68,True,0.27,1
0.93,4493,5.9,"Statistical Analysis,Data Visualization,Data Cleaning",True,4,5,1,0.26,False,0.12,4
0.9,4872,1.9,"Statistical Analysis,Data Visualization,Data Cleaning",True,5,2,4,0.97,True,0.52,0
0.7,7670,6.2,"Programming Basics,Algorithms,Data Structures",False,3,7,1,0.3,False,0.07,4
0.51,9749,1.4,"Programming Basics,Algorithms,Data Structures",True,3,6,1,0.96,False,0.64,0
0.51,5617,5.1,"Statistical Analysis,Data Visualization,Data Cleaning",True,3,8,0,1.0,True,0.07,1
0.85,13232,1.2,"Statistical Analysis,Data Visualization,Data Cleaning",True,4,2,2,0.95,True,0.92,3
0.67,3734,9.2,"Statistical Analysis,Data Visualization,Data Cleaning",True,6,4,1,0.51,True,0.56,0
0.78,14038,7.2,"Statistical Analysis,Data Visualization,Data Cleaning",False,7,6,3,0.7,False,0.41,4
0.97,17472,7.0,"Machine Learning Fundamentals,Data Preprocessing,Model Evaluation",False,5,8,0,0.6,True,0.5,4
0.78,16242,7.4,"Statistical Analysis,Data Visualization,Data Cleaning",False,2,3,3,0.33,True,0.58,3
0.99,9645,4.9,"Statistical Analysis,Data Visualization,Data Cleaning",True,3,2,3,0.67,True,0.84,4
0.58,15424,7.2,"Machine Learning Fundamentals,Data Preprocessing,Model Evaluation",True,2,3,4,0.1,True,0.46,1
0.76,8282,0.2,"Linear Regression,Neural Networks,Deep Learning",True,6,1,3,0.5,True,0.41,1
0.74,16665,0.6,"Programming Basics,Algorithms,Data Structures",True,1,7,0,0.81,False,0.78,4
0.87,18171,9.2,"Linear Regression,Neural Networks,Deep Learning",False,8,2,0,0.21,False,0.05,1
0.6,2010,6.0,"Machine Learning Fundamentals,Data Preprocessing,Model Evaluation",True,2,0,4,0.69,False,0.52,1
0.52,12852,3.9,"Programming Basics,Algorithms,Data Structures",True,8,7,0,0.68,True,0.27,0
0.65,9373,4.4,"Statistical Analysis,Data Visualization,Data Cleaning",True,6,3,3,0.56,False,0.46,0
0.69,17456,9.9,"Statistical Analysis,Data Visualization,Data Cleaning",False,2,2,3,0.54,True,0.23,3
0.85,16812,7.6,"Statistical Analysis,Data Visualization,Data Cleaning",True,2,3,1,0.18,True,0.62,3
0.8,3291,9.9,"Linear Regression,Neural Networks,Deep Learning",False,5,3,3,0.75,False,0.29,2
0.8,3110,6.5,"Machine Learning Fundamentals,Data Preprocessing,Model Evaluation",True,2,2,3,0.51,False,0.13,0
1.0,14941,6.3,"Statistical Analysis,Data Visualization,Data Cleaning",False,2,2,3,0.12,True,0.98,1
0.51,16766,8.1,"Programming Basics,Algorithms,Data Structures",False,2,8,4,0.98,False,0.27,3
0.86,4517,3.4,"Programming Basics,Algorithms,Data Structures",False,1,4,2,0.02,True,0.41,1
0.84,16552,8.3,"Programming Basics,Algorithms,Data Structures",True,6,8,0,0.88,False,0.04,3
0.53,8951,5.7,"Linear Regression,Neural Networks,Deep Learning",False,7,1,0,0.35,False,0.12,1
0.88,8898,9.8,"Statistical Analysis,Data Visualization,Data Cleaning",False,4,9,3,0.36,False,0.34,3
0.98,5076,3.6,"Statistical Analysis,Data Visualization,Data Cleaning",True,3,1,3,0.5,True,0.97,1
0.92,16926,3.8,"Programming Basics,Algorithms,Data Structures",True,2,4,3,0.49,True,0.3,1
0.71,12962,4.7,"Programming Basics,Algorithms,Data Structures",True,5,5,0,0.91,True,0.29,1
0.73,12169,8.6,"Linear Regression,Neural Networks,Deep Learning",False,5,5,1,0.49,False,1.0,3
0.75,1817,3.4,"Programming Basics,Algorithms,Data Structures",True,1,7,0,0.07,False,0.69,1
0.75,13601,9.1,"Programming Basics,Algorithms,Data Structures",False,6,8,0,0.37,False,0.56,4
0.98,6383,8.8,"Machine Learning Fundamentals,Data Preprocessing,Model Evaluation",True,2,8,1,0.61,True,0.2,1
0.91,10854,3.1,"Programming Basics,Algorithms,Data Structures",True,1,0,3,0.67,False,0.61,0
0.55,3262,8.2,"Machine Learning Fundamentals,Data Preprocessing,Model Evaluation",True,1,7,0,0.0,True,0.67,4
0.83,13201,8.9,"Programming Basics,Algorithms,Data Structures",True,2,7,3,0.35,True,0.85,0
0.57,14200,7.7,"Machine Learning Fundamentals,Data Preprocessing,Model Evaluation",False,5,1,0,0.87,False,0.25,0
0.96,16309,2.6,"Programming Basics,Algorithms,Data Structures",True,4,3,4,0.85,False,0.53,4
0.71,12189,6.1,"Programming Basics,Algorithms,Data Structures",False,9,9,1,0.06,False,0.22,1
0.82,10468,4.0,"Linear Regression,Neural Networks,Deep Learning",False,8,1,3,0.06,False,0.76,2
0.96,2941,0.2,"Machine Learning Fundamentals,Data Preprocessing,Model Evaluation",False,3,4,0,0.86,True,0.74,3
0.61,6363,4.6,"Machine Learning Fundamentals,Data Preprocessing,Model Evaluation",True,7,4,0,0.51,False,0.71,1
0.81,8806,1.9,"Linear Regression,Neural Networks,Deep Learning",True,3,8,4,0.44,False,0.89,4
0.54,6721,9.3,"Programming Basics,Algorithms,Data Structures",False,8,6,1,0.67,False,0.39,3
0.94,17153,6.2,"Linear Regression,Neural Networks,Deep Learning",True,9,9,1,0.55,False,0.36,0
0.68,5430,2.5,"Linear Regression,Neural Networks,Deep Learning",False,4,0,0,0.68,True,0.99,1
0.98,14204,9.3,"Linear Regression,Neural Networks,Deep Learning",True,2,2,0,0.79,False,0.41,0
0.96,2402,1.9,"Statistical Analysis,Data Visualization,Data Cleaning",False,4,9,2,0.17,True,0.08,2
0.83,12193,8.3,"Programming Basics,Algorithms,Data Structures",False,6,6,4,0.13,False,0.52,2
0.63,5626,4.2,"Programming Basics,Algorithms,Data Structures",False,4,3,0,0.9,True,0.04,4
0.75,4204,4.7,"Programming Basics,Algorithms,Data Structures",False,1,2,0,0.92,False,0.53,4
0.57,4697,4.1,"Machine Learning Fundamentals,Data Preprocessing,Model Evaluation",False,1,1,2,0.48,True,0.04,2
0.95,5540,4.8,"Linear Regression,Neural Networks,Deep Learning",True,5,3,4,0.2,False,0.44,3
0.61,12865,4.8,"Machine Learning Fundamentals,Data Preprocessing,Model Evaluation",True,2,7,2,0.37,True,0.8,3
0.83,583,9.8,"Programming Basics,Algorithms,Data Structures",True,5,6,4,0.86,True,0.29,4
0.8,7348,2.3,"Statistical Analysis,Data Visualization,Data Cleaning",True,9,8,0,0.88,False,0.15,0
0.8,6913,9.9,"Programming Basics,Algorithms,Data Structures",True,4,5,1,0.61,False,0.41,4
0.74,4698,4.6,"Programming Basics,Algorithms,Data Structures",False,2,9,0,0.43,False,0.63,2
0.53,2202,8.0,"Machine Learning Fundamentals,Data Preprocessing,Model Evaluation",False,8,9,3,0.78,False,0.54,3
0.87,18202,1.1,"Statistical Analysis,Data Visualization,Data Cleaning",False,5,4,1,0.92,False,0.59,2
0.77,6836,4.2,"Programming Basics,Algorithms,Data Structures",False,2,0,2,0.12,False,0.74,0
0.67,16454,2.2,"Linear Regression,Neural Networks,Deep Learning",True,9,3,4,0.92,False,0.41,2
0.83,11047,1.9,"Machine Learning Fundamentals,Data Preprocessing,Model Evaluation",True,7,1,1,0.96,True,0.9,2
0.52,10144,9.0,"Programming Basics,Algorithms,Data Structures",True,5,0,4,0.95,True,0.46,1
0.82,10280,4.6,"Linear Regression,Neural Networks,Deep Learning",True,5,4,2,0.89,False,0.18,2
0.78,2290,3.1,"Machine Learning Fundamentals,Data Preprocessing,Model Evaluation",False,9,3,1,0.39,False,0.03,2
0.88,12012,2.0,"Linear Regression,Neural Networks,Deep Learning",True,4,2,4,0.37,True,0.63,0
0.58,19187,7.7,"Statistical Analysis,Data Visualization,Data Cleaning",False,7,8,4,0.62,False,0.71,1
0.54,10290,9.3,"Statistical Analysis,Data Visualization,Data Cleaning",True,2,7,0,0.92,True,0.6,4
0.76,4760,5.8,"Linear Regression,Neural Networks,Deep Learning",True,2,9,4,0.23,True,0.88,0
0.87,6401,2.2,"Statistical Analysis,Data Visualization,Data Cleaning",False,4,8,2,0.61,True,0.31,4
0.58,10664,6.9,"Machine Learning Fundamentals,Data Preprocessing,Model Evaluation",False,2,1,0,0.56,False,0.91,1
0.83,15048,6.0,"Machine Learning Fundamentals,Data Preprocessing,Model Evaluation",False,4,8,3,0.74,False,0.11,3
0.99,14340,3.8,"Machine Learning Fundamentals,Data Preprocessing,Model Evaluation",False,9,2,1,0.15,True,0.89,1
0.63,16745,8.6,"Statistical Analysis,Data Visualization,Data Cleaning",False,9,9,1,0.74,True,0.17,1
0.99,12479,5.4,"Programming Basics,Algorithms,Data Structures",True,6,6,3,0.94,False,0.77,2
0.89,1668,2.1,"Machine Learning Fundamentals,Data Preprocessing,Model Evaluation",True,1,0,4,0.28,True,0.26,1
0.81,17194,5.3,"Linear Regression,Neural Networks,Deep Learning",True,9,0,2,0.52,False,0.63,2
0.91,6869,1.2,"Linear Regression,Neural Networks,Deep Learning",False,1,1,0,1.0,True,0.87,4
0.67,12707,7.4,"Statistical Analysis,Data Visualization,Data Cleaning",True,8,5,3,0.8,False,0.91,0
0.61,12962,2.8,"Programming Basics,Algorithms,Data Structures",True,3,2,2,1.0,True,0.18,1
0.82,3712,7.5,"Linear Regression,Neural Networks,Deep Learning",False,7,1,1,0.85,True,0.64,1
0.54,14428,3.2,"Linear Regression,Neural Networks,Deep Learning",True,2,2,0,0.85,False,0.94,0
0.82,12249,0.7,"Linear Regression,Neural Networks,Deep Learning",True,1,9,4,0.77,False,0.61,4
0.54,8880,8.3,"Machine Learning Fundamentals,Data Preprocessing,Model Evaluation",False,2,4,2,0.8,True,0.41,0
0.73,14959,6.4,"Statistical Analysis,Data Visualization,Data Cleaning",True,5,0,0,0.54,False,0.34,4
0.76,13779,6.7,"Statistical Analysis,Data Visualization,Data Cleaning",True,4,2,4,0.57,False,0.59,1
0.81,12423,7.1,"Statistical Analysis,Data Visualization,Data Cleaning",False,3,7,4,0.57,False,0.5,1
0.58,7130,2.8,"Machine Learning Fundamentals,Data Preprocessing,Model Evaluation",True,5,0,1,0.58,False,0.07,1
0.85,9179,1.9,"Linear Regression,Neural Networks,Deep Learning",True,1,2,3,0.72,False,0.04,2
0.68,1996,6.6,"Linear Regression,Neural Networks,Deep Learning",True,1,7,4,0.82,False,0.31,1
0.73,4099,6.7,"Linear Regression,Neural Networks,Deep Learning",True,7,9,4,0.0,False,0.79,1
0.63,14746,9.4,"Machine Learning Fundamentals,Data Preprocessing,Model Evaluation",True,2,7,3,0.51,False,0.66,3
0.88,12484,4.1,"Programming Basics,Algorithms,Data Structures",True,2,6,3,0.52,True,0.25,3
0.52,11333,7.5,"Programming Basics,Algorithms,Data Structures",False,5,6,3,0.69,True,0.52,4
0.66,2627,4.5,"Linear Regression,Neural Networks,Deep Learning",False,2,3,3,0.83,False,0.31,4
0.85,17205,0.8,"Programming Basics,Algorithms,Data Structures",True,8,1,0,0.82,True,0.21,1
0.55,19078,7.3,"Machine Learning Fundamentals,Data Preprocessing,Model Evaluation",False,8,5,3,0.69,False,0.55,0
0.75,14475,8.3,"Linear Regression,Neural Networks,Deep Learning",True,1,5,1,0.36,False,0.32,1
0.52,18624,5.3,"Machine Learning Fundamentals,Data Preprocessing,Model Evaluation",False,2,7,4,0.03,True,0.14,4
0.83,15225,0.0,"Statistical Analysis,Data Visualization,Data Cleaning",True,7,3,4,0.15,False,0.07,2
0.78,17972,0.8,"Linear Regression,Neural Networks,Deep Learning",False,5,8,1,0.53,False,0.86,2
0.99,19074,7.7,"Programming Basics,Algorithms,Data Structures",False,1,2,2,0.93,True,0.62,0
0.52,19271,9.9,"Machine Learning Fundamentals,Data Preprocessing,Model Evaluation",True,4,7,1,0.1,False,0.83,0
0.76,5452,8.2,"Linear Regression,Neural Networks,Deep Learning",False,2,4,2,0.37,True,0.04,4
0.79,10542,2.1,"Programming Basics,Algorithms,Data Structures",True,3,0,4,0.02,False,0.13,4
0.83,17350,0.7,"Machine Learning Fundamentals,Data Preprocessing,Model Evaluation",True,8,2,3,0.73,True,0.76,4
0.75,16496,9.8,"Linear Regression,Neural Networks,Deep Learning",True,9,9,2,0.01,False,0.85,4
0.9,3824,6.8,"Machine Learning Fundamentals,Data Preprocessing,Model Evaluation",False,4,7,1,0.6,True,0.26,4
0.54,5814,6.8,"Machine Learning Fundamentals,Data Preprocessing,Model Evaluation",True,1,6,3,0.96,True,0.76,1
0.99,16485,6.0,"Machine Learning Fundamentals,Data Preprocessing,Model Evaluation",False,2,4,4,0.82,False,0.73,2
0.85,16533,5.1,"Statistical Analysis,Data Visualization,Data Cleaning",True,5,3,0,0.57,False,0.43,4
0.71,16851,8.2,"Linear Regression,Neural Networks,Deep Learning",True,1,9,0,0.48,False,0.78,2
0.97,16822,6.5,"Programming Basics,Algorithms,Data Structures",False,7,9,0,0.97,False,0.31,1
0.97,17951,7.3,"Linear Regression,Neural Networks,Deep Learning",True,8,8,0,0.11,True,0.52,0
0.86,1685,5.0,"Machine Learning Fundamentals,Data Preprocessing,Model Evaluation",True,9,7,4,0.13,True,0.29,2
0.85,18832,1.9,"Linear Regression,Neural Networks,Deep Learning",True,2,2,2,0.51,True,0.69,1
0.61,12173,6.7,"Statistical Analysis,Data Visualization,Data Cleaning",True,5,3,1,0.35,True,0.83,3
0.64,10063,5.7,"Machine Learning Fundamentals,Data Preprocessing,Model Evaluation",True,7,8,1,0.7,True,0.26,3
0.98,4710,9.3,"Machine Learning Fundamentals,Data Preprocessing,Model Evaluation",True,5,6,2,0.42,True,0.56,2
0.97,15111,0.6,"Programming Basics,Algorithms,Data Structures",False,1,4,2,0.07,True,0.68,3
0.84,4819,0.2,"Programming Basics,Algorithms,Data Structures",True,7,7,3,0.02,False,0.16,4
0.83,19732,9.4,"Statistical Analysis,Data Visualization,Data Cleaning",True,2,7,4,0.73,True,0.05,1
0.66,18126,1.2,"Linear Regression,Neural Networks,Deep Learning",True,8,2,1,0.33,False,0.86,1
0.52,8179,3.7,"Programming Basics,Algorithms,Data Structures",False,8,0,2,0.64,True,0.24,3
0.8,15837,6.8,"Statistical Analysis,Data Visualization,Data Cleaning",False,5,4,4,0.52,True,0.03,3
0.96,4219,2.1,"Statistical Analysis,Data Visualization,Data Cleaning",True,1,5,1,0.82,False,0.81,1
0.88,1340,3.2,"Statistical Analysis,Data Visualization,Data Cleaning",True,2,2,3,0.09,False,0.79,3
0.98,11862,8.8,"Machine Learning Fundamentals,Data Preprocessing,Model Evaluation",False,4,3,4,0.74,True,0.0,3
0.98,17939,1.4,"Programming Basics,Algorithms,Data Structures",True,9,8,3,0.73,False,0.1,2
0.53,3185,0.3,"Programming Basics,Algorithms,Data Structures",False,7,5,0,0.8,False,0.61,0
0.97,19351,6.2,"Programming Basics,Algorithms,Data Structures",True,2,5,0,0.76,True,0.06,4
0.73,17657,2.6,"Linear Regression,Neural Networks,Deep Learning",True,5,6,0,0.42,True,0.83,4
0.83,5911,8.6,"Programming Basics,Algorithms,Data Structures",True,1,7,0,0.29,False,0.16,0
0.59,11172,3.5,"Machine Learning Fundamentals,Data Preprocessing,Model Evaluation",True,8,9,4,0.52,True,0.99,4
0.51,3970,7.1,"Machine Learning Fundamentals,Data Preprocessing,Model Evaluation",False,1,4,2,0.47,True,0.47,3
0.77,5652,7.3,"Linear Regression,Neural Networks,Deep Learning",True,7,7,0,0.26,True,0.14,0
0.57,7396,0.7,"Programming Basics,Algorithms,Data Structures",True,9,4,1,0.72,True,0.79,4
0.58,5642,1.6,"Machine Learning Fundamentals,Data Preprocessing,Model Evaluation",True,4,3,0,0.13,True,0.12,0
0.69,19309,4.4,"Programming Basics,Algorithms,Data Structures",False,6,4,0,0.06,False,0.51,0
0.93,4115,5.9,"Statistical Analysis,Data Visualization,Data Cleaning",True,7,0,2,0.67,False,0.1,2
0.8,12494,7.2,"Machine Learning Fundamentals,Data Preprocessing,Model Evaluation",True,9,6,2,0.01,True,0.29,0
0.82,9613,5.6,"Machine Learning Fundamentals,Data Preprocessing,Model Evaluation",True,2,8,3,0.1,True,0.02,0
0.68,17471,0.3,"Programming Basics,Algorithms,Data Structures",False,5,3,1,0.76,False,0.76,4
0.92,12319,2.4,"Machine Learning Fundamentals,Data Preprocessing,Model Evaluation",True,6,3,1,0.8,True,0.65,4
0.54,5896,5.3,"Statistical Analysis,Data Visualization,Data Cleaning",True,3,9,0,0.83,False,0.07,0
0.85,501,5.4,"Machine Learning Fundamentals,Data Preprocessing,Model Evaluation",False,7,5,1,0.2,False,0.28,4
0.76,8896,4.1,"Programming Basics,Algorithms,Data Structures",True,6,4,2,0.88,False,0.85,0
0.62,7533,1.2,"Programming Basics,Algorithms,Data Structures",False,1,8,3,0.32,True,0.7,0
0.94,19094,9.8,"Machine Learning Fundamentals,Data Preprocessing,Model Evaluation",True,7,4,1,0.17,False,0.74,0
0.76,12540,4.1,"Statistical Analysis,Data Visualization,Data Cleaning",True,4,2,2,0.87,False,0.87,3
0.69,19971,1.1,"Machine Learning Fundamentals,Data Preprocessing,Model Evaluation",False,9,0,2,0.28,True,0.37,1
0.58,14779,4.5,"Statistical Analysis,Data Visualization,Data Cleaning",True,2,4,1,0.4,False,0.53,2
0.63,3753,8.0,"Linear Regression,Neural Networks,Deep Learning",False,6,2,1,0.19,False,0.46,0
0.57,11263,0.0,"Statistical Analysis,Data Visualization,Data Cleaning",False,2,3,0,0.19,True,0.51,4
0.79,15534,3.7,"Programming Basics,Algorithms,Data Structures",True,2,7,3,0.92,True,0.75,2
0.56,17653,8.1,"Statistical Analysis,Data Visualization,Data Cleaning",False,5,8,0,0.21,True,0.13,3
0.53,16202,4.5,"Machine Learning Fundamentals,Data Preprocessing,Model Evaluation",False,7,2,1,0.51,True,0.05,0
0.57,2272,3.3,"Statistical Analysis,Data Visualization,Data Cleaning",False,1,8,4,0.71,False,0.18,1
0.93,17899,8.8,"Linear Regression,Neural Networks,Deep Learning",True,8,4,0,0.19,True,0.43,4
0.56,16914,2.9,"Programming Basics,Algorithms,Data Structures",True,8,6,1,0.07,True,0.58,2
0.84,8039,1.6,"Programming Basics,Algorithms,Data Structures",False,1,2,1,0.32,False,0.15,1
0.67,10098,6.8,"Programming Basics,Algorithms,Data Structures",False,9,9,1,0.08,False,0.62,4
0.52,18109,0.3,"Machine Learning Fundamentals,Data Preprocessing,Model Evaluation",True,1,5,3,0.52,True,0.83,1
0.64,10018,7.2,"Machine Learning Fundamentals,Data Preprocessing,Model Evaluation",True,2,9,0,0.09,False,0.23,4
0.84,15329,3.5,"Machine Learning Fundamentals,Data Preprocessing,Model Evaluation",True,9,7,3,0.76,False,0.32,2
0.61,11037,8.6,"Linear Regression,Neural Networks,Deep Learning",True,8,4,0,0.17,False,0.93,3
0.7,1381,4.0,"Machine Learning Fundamentals,Data Preprocessing,Model Evaluation",True,4,7,0,0.94,False,0.28,1
0.5,4878,8.1,"Linear Regression,Neural Networks,Deep Learning",True,3,1,3,0.46,False,0.21,2
0.86,2590,6.4,"Machine Learning Fundamentals,Data Preprocessing,Model Evaluation",True,5,2,1,0.1,False,0.74,3
0.73,4253,3.4,"Linear Regression,Neural Networks,Deep Learning",False,9,1,0,0.03,False,0.55,1
0.55,11662,3.3,"Programming Basics,Algorithms,Data Structures",True,3,0,0,0.85,False,0.67,0
0.77,9755,6.8,"Linear Regression,Neural Networks,Deep Learning",False,9,5,2,0.67,False,0.58,0
0.54,8341,9.3,"Programming Basics,Algorithms,Data Structures",False,5,0,4,0.14,False,0.0,0
0.92,11250,3.1,"Programming Basics,Algorithms,Data Structures",True,4,8,1,0.98,True,0.6,1
0.9,5188,6.0,"Linear Regression,Neural Networks,Deep Learning",True,7,9,3,0.1,True,0.75,0
0.77,15460,4.1,"Machine Learning Fundamentals,Data Preprocessing,Model Evaluation",True,3,8,1,0.49,False,0.85,4
0.75,5676,4.1,"Linear Regression,Neural Networks,Deep Learning",False,7,2,1,0.89,False,0.19,0
0.57,15133,8.2,"Machine Learning Fundamentals,Data Preprocessing,Model Evaluation",False,3,0,0,0.56,True,0.55,3
0.86,4884,8.3,"Linear Regression,Neural Networks,Deep Learning",True,6,6,3,0.4,False,0.4,2
0.52,15609,9.5,"Statistical Analysis,Data Visualization,Data Cleaning",True,1,6,0,0.85,False,0.44,2
0.92,8197,3.4,"Linear Regression,Neural Networks,Deep Learning",True,7,0,4,0.95,False,0.93,4
0.53,14361,0.9,"Machine Learning Fundamentals,Data Preprocessing,Model Evaluation",False,7,3,3,0.35,False,0.73,1
0.79,12524,7.1,"Machine Learning Fundamentals,Data Preprocessing,Model Evaluation",True,1,1,2,0.76,False,0.88,1
0.65,18252,8.2,"Statistical Analysis,Data Visualization,Data Cleaning",True,4,9,0,0.05,True,0.83,0
0.69,18643,1.9,"Machine Learning Fundamentals,Data Preprocessing,Model Evaluation",True,2,0,1,0.88,True,0.81,4
0.57,5997,6.3,"Linear Regression,Neural Networks,Deep Learning",True,2,7,1,0.19,False,0.56,2
0.78,17189,2.6,"Statistical Analysis,Data Visualization,Data Cleaning",True,4,6,0,0.61,False,0.38,1
1.0,7856,8.5,"Statistical Analysis,Data Visualization,Data Cleaning",True,1,6,4,0.3,False,0.67,2
0.85,7702,1.6,"Linear Regression,Neural Networks,Deep Learning",False,3,1,1,0.09,False,0.22,1
0.83,1508,7.4,"Linear Regression,Neural Networks,Deep Learning",False,8,4,3,0.06,False,0.85,2
0.83,9138,4.9,"Programming Basics,Algorithms,Data Structures",False,9,6,0,0.44,False,0.71,1
0.96,12496,1.0,"Linear Regression,Neural Networks,Deep Learning",True,1,4,0,0.12,False,0.93,0
0.7,10947,6.9,"Machine Learning Fundamentals,Data Preprocessing,Model Evaluation",False,9,8,4,0.69,True,0.15,3
0.71,14348,5.6,"Machine Learning Fundamentals,Data Preprocessing,Model Evaluation",True,7,9,4,0.54,False,0.87,3
0.85,8115,3.5,"Linear Regression,Neural Networks,Deep Learning",False,1,1,1,0.97,True,0.79,2
0.65,6528,0.7,"Machine Learning Fundamentals,Data Preprocessing,Model Evaluation",True,3,6,3,0.41,True,0.71,2
0.87,5468,1.5,"Statistical Analysis,Data Visualization,Data Cleaning",True,2,9,0,0.07,False,0.48,0
0.8,18637,0.2,"Programming Basics,Algorithms,Data Structures",True,1,3,0,0.24,True,0.84,1
0.55,2092,9.4,"Statistical Analysis,Data Visualization,Data Cleaning",True,6,0,3,0.59,True,0.5,3
0.85,10501,2.8,"Programming Basics,Algorithms,Data Structures",True,3,5,1,0.96,True,0.53,3
0.66,19683,7.0,"Linear Regression,Neural Networks,Deep Learning",True,3,1,3,0.35,True,0.36,3
0.75,9107,5.8,"Machine Learning Fundamentals,Data Preprocessing,Model Evaluation",False,9,9,2,0.2,False,0.49,2
0.53,15797,1.2,"Machine Learning Fundamentals,Data Preprocessing,Model Evaluation",True,7,0,0,0.89,False,0.29,2
0.93,16657,5.1,"Programming Basics,Algorithms,Data Structures",False,7,6,0,0.66,False,0.66,4
0.85,3941,1.4,"Machine Learning Fundamentals,Data Preprocessing,Model Evaluation",False,4,4,3,0.28,False,0.45,0
0.71,1925,5.9,"Linear Regression,Neural Networks,Deep Learning",True,5,5,1,0.31,True,0.56,3
0.89,4035,9.4,"Linear Regression,Neural Networks,Deep Learning",True,2,2,1,0.11,True,0.46,0
0.65,19813,8.2,"Statistical Analysis,Data Visualization,Data Cleaning",True,3,4,1,0.92,True,0.02,0
0.94,10701,2.3,"Machine Learning Fundamentals,Data Preprocessing,Model Evaluation",True,2,1,3,0.93,False,0.82,1
0.56,10063,6.6,"Machine Learning Fundamentals,Data Preprocessing,Model Evaluation",False,9,5,3,0.01,False,0.44,0
0.66,7746,9.7,"Linear Regression,Neural Networks,Deep Learning",False,4,7,3,0.21,False,0.19,4
0.79,10897,3.0,"Programming Basics,Algorithms,Data Structures",False,6,7,0,0.03,True,0.17,1
0.77,4358,2.7,"Linear Regression,Neural Networks,Deep Learning",False,4,3,3,0.92,False,0.89,1
0.74,5179,3.6,"Linear Regression,Neural Networks,Deep Learning",False,7,9,1,0.34,False,1.0,4
0.73,8668,5.0,"Linear Regression,Neural Networks,Deep Learning",False,1,6,0,0.83,True,0.71,4
0.87,3435,7.0,"Programming Basics,Algorithms,Data Structures",False,4,9,3,0.41,True,0.93,2
0.79,15823,8.4,"Linear Regression,Neural Networks,Deep Learning",True,1,2,4,0.19,True,0.01,3
0.83,3820,9.8,"Machine Learning Fundamentals,Data Preprocessing,Model Evaluation",False,4,7,1,0.56,False,0.73,0
0.74,4857,8.1,"Statistical Analysis,Data Visualization,Data Cleaning",True,2,9,4,0.53,False,0.9,0
0.79,18000,1.5,"Statistical Analysis,Data Visualization,Data Cleaning",True,6,9,2,0.79,False,0.55,3
0.88,18997,5.2,"Statistical Analysis,Data Visualization,Data Cleaning",True,4,8,0,0.63,True,0.46,3
0.95,12707,9.9,"Machine Learning Fundamentals,Data Preprocessing,Model Evaluation",True,3,9,1,0.3,True,0.01,2
0.7,12419,7.9,"Programming Basics,Algorithms,Data Structures",True,3,6,3,0.35,True,0.47,1
0.97,19765,0.9,"Linear Regression,Neural Networks,Deep Learning",False,8,7,0,0.37,True,0.83,2
0.59,11946,1.3,"Statistical Analysis,Data Visualization,Data Cleaning",True,6,7,4,0.57,False,0.11,1
0.58,17138,9.1,"Machine Learning Fundamentals,Data Preprocessing,Model Evaluation",True,9,7,1,0.94,False,0.73,0
0.86,1327,4.6,"Programming Basics,Algorithms,Data Structures",True,7,9,3,0.26,False,0.75,0
0.69,8525,9.8,"Machine Learning Fundamentals,Data Preprocessing,Model Evaluation",False,6,9,3,0.42,True,0.05,4
0.59,19963,8.0,"Statistical Analysis,Data Visualization,Data Cleaning",True,4,6,1,0.2,True,0.63,2
0.72,6947,7.7,"Programming Basics,Algorithms,Data Structures",True,7,4,2,0.83,False,0.26,3
0.76,17991,3.2,"Statistical Analysis,Data Visualization,Data Cleaning",True,8,3,2,0.13,True,0.2,0
0.73,8458,3.0,"Statistical Analysis,Data Visualization,Data Cleaning",False,4,5,3,0.16,True,0.98,1
0.93,8551,3.4,"Statistical Analysis,Data Visualization,Data Cleaning",False,4,5,0,0.52,True,0.5,4
0.59,19068,6.0,"Linear Regression,Neural Networks,Deep Learning",False,3,5,3,0.28,False,0.97,1
0.54,16832,1.2,"Programming Basics,Algorithms,Data Structures",False,3,8,1,0.19,False,0.11,1
0.64,9064,5.0,"Programming Basics,Algorithms,Data Structures",False,4,9,2,0.18,True,0.61,2
0.51,6241,3.2,"Programming Basics,Algorithms,Data Structures",True,6,4,0,0.02,True,0.82,4
0.85,18702,6.1,"Statistical Analysis,Data Visualization,Data Cleaning",True,1,4,1,0.06,False,0.56,3
0.68,3554,4.4,"Machine Learning Fundamentals,Data Preprocessing,Model Evaluation",False,7,7,0,0.23,False,0.99,3
0.73,1252,6.6,"Machine Learning Fundamentals,Data Preprocessing,Model Evaluation",False,1,7,1,0.61,True,0.06,4
0.87,19592,0.4,"Linear Regression,Neural Networks,Deep Learning",True,2,8,1,0.78,True,0.61,1
0.62,18652,0.9,"Linear Regression,Neural Networks,Deep Learning",True,1,5,0,0.41,True,0.68,2
0.8,3845,4.2,"Programming Basics,Algorithms,Data Structures",True,9,8,3,0.15,True,0.78,4
0.54,4223,3.3,"Machine Learning Fundamentals,Data Preprocessing,Model Evaluation",False,2,6,3,0.14,True,0.81,1
0.74,3232,6.0,"Machine Learning Fundamentals,Data Preprocessing,Model Evaluation",False,5,0,4,0.77,True,0.72,3
0.77,9095,7.9,"Machine Learning Fundamentals,Data Preprocessing,Model Evaluation",False,3,3,4,0.22,False,0.13,2
0.63,8068,4.2,"Statistical Analysis,Data Visualization,Data Cleaning",True,3,6,4,0.92,False,0.68,4
0.7,3779,6.7,"Machine Learning Fundamentals,Data Preprocessing,Model Evaluation",False,6,1,3,0.54,True,0.86,1
0.75,16224,4.0,"Machine Learning Fundamentals,Data Preprocessing,Model Evaluation",True,7,8,4,0.72,False,0.5,0
0.91,9071,3.0,"Linear Regression,Neural Networks,Deep Learning",True,4,3,0,0.48,False,0.71,1
0.92,3244,0.1,"Linear Regression,Neural Networks,Deep Learning",False,5,6,1,0.6,True,0.86,4
0.96,13362,4.9,"Machine Learning Fundamentals,Data Preprocessing,Model Evaluation",True,5,6,1,0.43,True,0.79,4
0.99,3773,3.5,"Machine Learning Fundamentals,Data Preprocessing,Model Evaluation",True,8,3,3,0.61,True,0.41,2
0.66,2377,3.8,"Statistical Analysis,Data Visualization,Data Cleaning",True,2,9,4,0.24,True,0.1,3
0.73,12319,1.0,"Linear Regression,Neural Networks,Deep Learning",True,8,7,1,0.77,False,0.89,3
0.58,6797,7.5,"Machine Learning Fundamentals,Data Preprocessing,Model Evaluation",False,4,4,2,0.33,False,0.45,0
0.87,14552,4.0,"Statistical Analysis,Data Visualization,Data Cleaning",False,5,5,2,0.13,True,0.62,1
0.53,19782,6.3,"Machine Learning Fundamentals,Data Preprocessing,Model Evaluation",True,3,4,2,0.66,True,0.91,2
0.97,11308,4.5,"Statistical Analysis,Data Visualization,Data Cleaning",True,9,0,0,0.55,False,0.67,1
0.71,11989,9.9,"Linear Regression,Neural Networks,Deep Learning",False,6,1,1,0.05,True,0.92,1
0.52,4267,0.8,"Programming Basics,Algorithms,Data Structures",True,2,6,1,0.17,True,0.33,1
0.78,16255,9.1,"Machine Learning Fundamentals,Data Preprocessing,Model Evaluation",False,4,5,4,0.08,False,0.83,2
0.6,17574,8.0,"Linear Regression,Neural Networks,Deep Learning",True,9,7,0,0.86,True,0.87,2
0.84,11926,5.4,"Programming Basics,Algorithms,Data Structures",False,9,4,3,0.98,True,0.43,2
0.79,9986,1.5,"Machine Learning Fundamentals,Data Preprocessing,Model Evaluation",False,5,1,4,0.79,False,0.5,0
0.85,18894,4.5,"Programming Basics,Algorithms,Data Structures",True,8,2,2,0.61,False,0.99,2
0.85,16070,4.0,"Programming Basics,Algorithms,Data Structures",True,1,3,4,0.14,True,0.7,0
0.91,6602,3.3,"Machine Learning Fundamentals,Data Preprocessing,Model Evaluation",False,6,1,4,0.58,True,0.4,0
0.64,1886,7.3,"Machine Learning Fundamentals,Data Preprocessing,Model Evaluation",True,8,9,3,0.27,False,0.81,2
0.89,6636,6.3,"Programming Basics,Algorithms,Data Structures",False,9,7,4,0.36,True,0.42,2
0.75,15194,4.7,"Machine Learning Fundamentals,Data Preprocessing,Model Evaluation",False,5,3,4,0.14,True,0.1,4
0.83,3942,6.1,"Machine Learning Fundamentals,Data Preprocessing,Model Evaluation",False,4,4,2,0.67,False,0.56,0
0.56,2249,7.8,"Machine Learning Fundamentals,Data Preprocessing,Model Evaluation",False,1,5,0,0.04,False,0.15,2
0.84,1885,7.4,"Linear Regression,Neural Networks,Deep Learning",False,9,7,0,0.74,True,0.12,1
0.75,10367,3.0,"Linear Regression,Neural Networks,Deep Learning",True,7,9,3,0.42,False,0.12,3
0.64,12339,0.4,"Linear Regression,Neural Networks,Deep Learning",False,9,3,1,0.15,True,0.72,0
0.57,7729,0.3,"Statistical Analysis,Data Visualization,Data Cleaning",False,5,4,0,0.46,True,0.85,4
0.95,5294,0.5,"Machine Learning Fundamentals,Data Preprocessing,Model Evaluation",False,5,4,0,0.31,True,0.39,2
0.63,4952,2.8,"Statistical Analysis,Data Visualization,Data Cleaning",False,2,4,0,0.08,True,0.55,4
0.96,8878,10.0,"Linear Regression,Neural Networks,Deep Learning",False,8,2,2,0.78,True,0.84,3
0.99,5981,9.3,"Statistical Analysis,Data Visualization,Data Cleaning",True,4,2,4,0.67,False,0.69,2
0.95,18976,3.3,"Linear Regression,Neural Networks,Deep Learning",True,3,0,3,0.34,True,0.85,2
0.84,6657,9.5,"Machine Learning Fundamentals,Data Preprocessing,Model Evaluation",False,5,0,2,0.52,False,0.28,1
0.55,4437,1.8,"Machine Learning Fundamentals,Data Preprocessing,Model Evaluation",False,9,9,4,0.93,True,0.7,1
0.99,19003,3.3,"Statistical Analysis,Data Visualization,Data Cleaning",False,6,3,0,0.18,False,0.35,1
0.77,7370,2.2,"Machine Learning Fundamentals,Data Preprocessing,Model Evaluation",True,1,7,2,0.08,True,0.33,3
0.51,8319,5.6,"Linear Regression,Neural Networks,Deep Learning",True,2,1,0,0.4,True,0.58,2
0.52,5371,9.9,"Linear Regression,Neural Networks,Deep Learning",True,7,1,0,0.1,True,0.35,0
0.57,6982,2.2,"Machine Learning Fundamentals,Data Preprocessing,Model Evaluation",False,3,5,4,0.46,False,0.41,2
0.81,8221,9.6,"Statistical Analysis,Data Visualization,Data Cleaning",False,1,6,4,0.95,True,0.48,4
0.92,4378,4.0,"Statistical Analysis,Data Visualization,Data Cleaning",True,5,2,1,0.62,True,0.28,1
0.75,18272,5.2,"Linear Regression,Neural Networks,Deep Learning",False,2,0,0,0.46,False,0.26,0
0.54,8811,4.5,"Machine Learning Fundamentals,Data Preprocessing,Model Evaluation",True,2,2,2,0.83,False,0.72,2
0.96,19000,7.1,"Machine Learning Fundamentals,Data Preprocessing,Model Evaluation",False,9,2,2,0.85,True,0.17,0
0.71,8301,1.1,"Machine Learning Fundamentals,Data Preprocessing,Model Evaluation",True,1,9,0,0.19,False,0.36,1
0.63,7396,1.0,"Programming Basics,Algorithms,Data Structures",True,7,7,2,0.34,True,0.49,3
0.82,16503,7.8,"Linear Regression,Neural Networks,Deep Learning",True,5,8,0,0.91,True,0.6,3
0.89,15718,0.9,"Machine Learning Fundamentals,Data Preprocessing,Model Evaluation",False,7,6,1,0.22,True,0.62,2
0.94,3706,2.6,"Statistical Analysis,Data Visualization,Data Cleaning",False,9,3,3,0.38,True,0.41,2
0.54,8669,7.3,"Statistical Analysis,Data Visualization,Data Cleaning",True,4,5,4,0.47,False,0.48,3
0.99,10978,3.1,"Linear Regression,Neural Networks,Deep Learning",True,1,0,1,0.41,False,0.78,2
0.56,9300,3.6,"Programming Basics,Algorithms,Data Structures",True,4,0,4,0.83,True,0.76,1
0.83,1143,0.8,"Programming Basics,Algorithms,Data Structures",True,4,5,0,0.16,True,0.63,3
0.94,17226,9.5,"Programming Basics,Algorithms,Data Structures",False,3,0,4,0.23,False,0.52,1
0.51,16651,2.4,"Statistical Analysis,Data Visualization,Data Cleaning",False,1,6,4,0.53,False,0.08,0
0.82,5660,4.1,"Statistical Analysis,Data Visualization,Data Cleaning",False,6,1,0,0.86,True,0.64,3
0.55,17683,0.3,"Linear Regression,Neural Networks,Deep Learning",True,8,8,4,0.58,True,0.77,1
0.95,7590,4.5,"Linear Regression,Neural Networks,Deep Learning",False,1,5,4,0.64,False,0.43,3
0.8,1209,8.7,"Programming Basics,Algorithms,Data Structures",True,3,0,3,0.06,True,0.51,1
0.7,12144,1.6,"Machine Learning Fundamentals,Data Preprocessing,Model Evaluation",True,9,8,1,0.2,True,0.64,0
0.58,19217,7.7,"Statistical Analysis,Data Visualization,Data Cleaning",False,1,2,1,0.59,False,0.59,2
0.88,12622,1.0,"Programming Basics,Algorithms,Data Structures",True,5,9,0,0.75,True,0.07,2
0.82,13681,5.3,"Machine Learning Fundamentals,Data Preprocessing,Model Evaluation",True,7,6,3,0.58,True,0.12,2
0.98,15446,3.5,"Linear Regression,Neural Networks,Deep Learning",True,2,9,1,0.67,False,0.94,4
0.8,4742,0.3,"Machine Learning Fundamentals,Data Preprocessing,Model Evaluation",True,9,6,2,0.22,False,0.47,0
0.75,12708,0.5,"Linear Regression,Neural Networks,Deep Learning",True,7,8,0,0.51,True,0.09,3
0.88,15055,9.3,"Machine Learning Fundamentals,Data Preprocessing,Model Evaluation",False,7,7,3,0.17,False,0.63,0
0.79,11785,1.8,"Linear Regression,Neural Networks,Deep Learning",False,1,6,1,0.03,True,0.88,0
0.71,5371,8.1,"Linear Regression,Neural Networks,Deep Learning",True,3,5,4,0.68,True,0.75,2
0.99,4149,3.2,"Statistical Analysis,Data Visualization,Data Cleaning",True,7,4,0,0.93,True,0.67,3
0.75,1331,0.3,"Statistical Analysis,Data Visualization,Data Cleaning",True,6,1,2,0.95,False,0.34,4
0.82,13948,0.7,"Programming Basics,Algorithms,Data Structures",True,3,5,4,0.91,True,0.99,0
0.87,4631,3.4,"Machine Learning Fundamentals,Data Preprocessing,Model Evaluation",True,7,1,2,0.03,True,0.15,0
0.91,5510,9.2,"Machine Learning Fundamentals,Data Preprocessing,Model Evaluation",False,8,7,4,0.13,True,0.59,1
0.7,9570,8.4,"Statistical Analysis,Data Visualization,Data Cleaning",False,4,5,2,0.78,False,0.75,0
0.57,7555,3.5,"Statistical Analysis,Data Visualization,Data Cleaning",True,1,3,3,0.84,True,0.63,4
0.97,14367,1.4,"Machine Learning Fundamentals,Data Preprocessing,Model Evaluation",False,4,1,1,0.0,True,0.85,3
0.69,3240,3.9,"Linear Regression,Neural Networks,Deep Learning",True,7,8,1,0.11,True,0.08,0
0.88,11464,8.3,"Linear Regression,Neural Networks,Deep Learning",False,3,2,4,0.9,False,0.24,0
0.77,15402,3.4,"Machine Learning Fundamentals,Data Preprocessing,Model Evaluation",True,9,1,2,0.87,True,0.07,2
0.74,3091,6.4,"Linear Regression,Neural Networks,Deep Learning",True,6,8,4,0.16,False,0.7,1
0.81,7718,1.9,"Statistical Analysis,Data Visualization,Data Cleaning",False,8,5,3,0.48,False,0.95,4
0.84,5572,2.8,"Programming Basics,Algorithms,Data Structures",True,5,7,4,0.74,True,0.53,3
0.92,3598,2.9,"Programming Basics,Algorithms,Data Structures",False,5,6,0,0.52,True,0.87,2
0.77,6658,0.8,"Statistical Analysis,Data Visualization,Data Cleaning",False,5,3,3,0.51,False,0.8,3
1.0,18196,1.0,"Programming Basics,Algorithms,Data Structures",True,9,3,1,0.57,True,0.94,1
0.69,17796,7.1,"Statistical Analysis,Data Visualization,Data Cleaning",False,8,0,0,0.76,False,0.15,1
0.52,4146,6.4,"Programming Basics,Algorithms,Data Structures",True,2,1,3,0.68,True,0.56,2
0.56,11910,2.4,"Statistical Analysis,Data Visualization,Data Cleaning",False,7,6,2,0.46,True,0.3,4
0.69,8872,1.2,"Programming Basics,Algorithms,Data Structures",False,1,1,3,0.36,True,0.34,4
0.6,7779,2.0,"Programming Basics,Algorithms,Data Structures",True,3,4,1,0.55,True,0.97,2
0.99,19735,7.6,"Machine Learning Fundamentals,Data Preprocessing,Model Evaluation",True,6,9,1,0.75,True,1.0,4
0.99,12725,7.2,"Programming Basics,Algorithms,Data Structures",False,3,3,1,0.93,False,0.69,3
0.53,14456,5.6,"Linear Regression,Neural Networks,Deep Learning",False,5,6,3,0.75,False,0.6,4
0.59,6097,4.5,"Machine Learning Fundamentals,Data Preprocessing,Model Evaluation",False,9,2,1,0.1,True,0.23,3
0.97,12476,7.4,"Programming Basics,Algorithms,Data Structures",True,4,1,0,0.72,False,0.62,0
0.79,3690,3.6,"Statistical Analysis,Data Visualization,Data Cleaning",False,6,7,0,0.45,True,0.96,0
0.54,11902,2.2,"Machine Learning Fundamentals,Data Preprocessing,Model Evaluation",False,5,5,0,0.84,False,0.74,0
0.91,11426,6.9,"Statistical Analysis,Data Visualization,Data Cleaning",True,8,2,2,0.94,False,0.16,4
0.87,10946,2.7,"Statistical Analysis,Data Visualization,Data Cleaning",False,1,2,1,0.22,False,0.34,1
0.69,14708,6.9,"Machine Learning Fundamentals,Data Preprocessing,Model Evaluation",True,4,4,2,0.56,False,0.71,1
0.83,14215,4.0,"Programming Basics,Algorithms,Data Structures",True,7,4,4,0.7,True,0.07,0
0.57,7928,7.6,"Machine Learning Fundamentals,Data Preprocessing,Model Evaluation",False,8,4,2,0.56,False,0.32,4
0.65,18138,3.6,"Programming Basics,Algorithms,Data Structures",True,5,8,2,0.34,True,0.8,2
0.52,3392,8.0,"Statistical Analysis,Data Visualization,Data Cleaning",True,8,1,0,0.51,False,0.66,3
0.91,12091,7.5,"Statistical Analysis,Data Visualization,Data Cleaning",True,2,7,0,0.17,True,0.95,4
0.7,13359,7.0,"Machine Learning Fundamentals,Data Preprocessing,Model Evaluation",False,2,9,3,0.67,True,0.36,2
0.62,15104,3.9,"Programming Basics,Algorithms,Data Structures",False,3,8,0,0.65,False,0.98,4
0.7,17698,5.7,"Machine Learning Fundamentals,Data Preprocessing,Model Evaluation",True,6,0,0,0.36,True,0.79,1
0.84,7768,0.7,"Machine Learning Fundamentals,Data Preprocessing,Model Evaluation",True,7,4,4,0.78,True,0.53,3
0.65,14120,7.4,"Linear Regression,Neural Networks,Deep Learning",True,7,2,3,0.99,False,0.68,0
0.98,2818,9.5,"Programming Basics,Algorithms,Data Structures",False,8,6,3,0.36,False,0.5,4
0.59,1657,2.2,"Machine Learning Fundamentals,Data Preprocessing,Model Evaluation",False,8,5,4,0.03,False,0.97,2
0.88,10857,4.5,"Statistical Analysis,Data Visualization,Data Cleaning",True,2,7,3,0.64,False,0.96,3
0.67,2872,1.2,"Linear Regression,Neural Networks,Deep Learning",True,8,9,2,0.31,True,0.14,2
0.67,9622,6.3,"Programming Basics,Algorithms,Data Structures",True,5,4,4,0.46,False,0.22,0
0.59,1308,6.8,"Linear Regression,Neural Networks,Deep Learning",False,5,1,2,0.71,False,0.09,0
0.85,7988,9.6,"Statistical Analysis,Data Visualization,Data Cleaning",False,6,1,2,0.7,True,0.36,2
0.62,8625,6.7,"Machine Learning Fundamentals,Data Preprocessing,Model Evaluation",False,6,9,1,0.72,True,0.11,2
0.74,10050,0.9,"Programming Basics,Algorithms,Data Structures",False,1,4,1,0.58,False,0.12,4
0.57,3692,3.0,"Programming Basics,Algorithms,Data Structures",False,9,4,0,0.85,False,0.44,0
0.7,773,7.9,"Machine Learning Fundamentals,Data Preprocessing,Model Evaluation",True,7,5,0,0.2,False,0.93,0
0.8,1408,5.9,"Machine Learning Fundamentals,Data Preprocessing,Model Evaluation",True,5,9,1,0.99,True,0.57,3
0.64,15054,3.6,"Statistical Analysis,Data Visualization,Data Cleaning",False,6,0,0,0.34,False,0.81,3
0.63,11723,9.5,"Machine Learning Fundamentals,Data Preprocessing,Model Evaluation",False,7,4,4,0.47,True,0.77,2
0.85,13123,9.7,"Programming Basics,Algorithms,Data Structures",False,2,3,0,0.34,False,0.52,1
0.76,17722,5.7,"Statistical Analysis,Data Visualization,Data Cleaning",False,2,1,2,0.9,False,0.34,1
0.76,12606,3.0,"Programming Basics,Algorithms,Data Structures",False,4,1,4,0.18,True,0.49,4
0.79,15210,7.0,"Linear Regression,Neural Networks,Deep Learning",True,8,0,3,0.78,False,0.11,1
0.84,2999,5.2,"Statistical Analysis,Data Visualization,Data Cleaning",False,9,6,1,0.91,False,0.02,1
0.87,5496,3.3,"Programming Basics,Algorithms,Data Structures",True,9,5,3,0.31,False,0.13,4
0.89,14338,2.3,"Programming Basics,Algorithms,Data Structures",True,6,7,2,0.06,True,0.71,2
0.66,9090,6.4,"Statistical Analysis,Data Visualization,Data Cleaning",False,2,3,4,0.95,False,0.71,3
0.67,3597,0.6,"Statistical Analysis,Data Visualization,Data Cleaning",False,8,9,0,0.09,True,0.27,4
0.97,19549,8.4,"Programming Basics,Algorithms,Data Structures",True,8,8,3,0.76,False,0.86,4
0.78,1319,3.3,"Statistical Analysis,Data Visualization,Data Cleaning",False,5,8,2,0.79,False,0.93,1
0.64,16545,3.0,"Statistical Analysis,Data Visualization,Data Cleaning",True,4,2,2,0.23,False,0.03,0
0.71,18536,2.3,"Linear Regression,Neural Networks,Deep Learning",True,6,1,2,0.35,False,0.36,0
0.89,7354,6.0,"Linear Regression,Neural Networks,Deep Learning",True,6,1,1,0.12,False,0.79,2
0.95,18547,7.2,"Statistical Analysis,Data Visualization,Data Cleaning",False,3,9,0,0.08,False,0.29,1
0.74,1157,9.2,"Statistical Analysis,Data Visualization,Data Cleaning",False,4,7,4,0.35,False,0.3,1
0.6,6378,0.1,"Programming Basics,Algorithms,Data Structures",False,1,6,0,0.34,False,0.2,4
0.71,16254,6.1,"Programming Basics,Algorithms,Data Structures",True,8,5,1,0.71,False,0.44,1
0.56,7436,1.5,"Statistical Analysis,Data Visualization,Data Cleaning",False,8,7,3,0.93,True,0.38,3
0.78,17582,7.1,"Machine Learning Fundamentals,Data Preprocessing,Model Evaluation",False,5,6,0,0.97,False,0.03,2
0.56,1788,4.0,"Machine Learning Fundamentals,Data Preprocessing,Model Evaluation",False,5,0,1,0.81,True,0.01,3
0.97,15639,9.2,"Programming Basics,Algorithms,Data Structures",False,1,7,4,0.19,False,0.11,1
0.76,538,8.5,"Statistical Analysis,Data Visualization,Data Cleaning",False,1,1,4,0.93,True,0.51,1
0.58,11909,0.4,"Programming Basics,Algorithms,Data Structures",False,2,7,4,0.55,False,0.62,3
0.86,15724,2.4,"Statistical Analysis,Data Visualization,Data Cleaning",True,5,4,3,0.24,True,0.4,4
0.82,15278,0.4,"Linear Regression,Neural Networks,Deep Learning",True,5,3,2,0.99,True,0.95,4
0.59,7696,3.9,"Programming Basics,Algorithms,Data Structures",True,8,7,3,0.03,True,0.66,4
0.56,763,10.0,"Programming Basics,Algorithms,Data Structures",False,8,2,4,0.84,True,0.23,3
0.75,14245,6.7,"Programming Basics,Algorithms,Data Structures",False,1,3,1,0.47,False,0.35,3
0.66,1432,6.4,"Machine Learning Fundamentals,Data Preprocessing,Model Evaluation",True,6,4,0,0.92,True,0.74,1
0.94,14593,2.1,"Statistical Analysis,Data Visualization,Data Cleaning",True,5,1,4,0.57,True,0.54,4
0.63,8598,9.8,"Machine Learning Fundamentals,Data Preprocessing,Model Evaluation",False,7,0,0,0.79,True,0.35,1
0.75,5999,2.9,"Machine Learning Fundamentals,Data Preprocessing,Model Evaluation",True,9,9,4,0.34,False,0.37,4
0.76,13688,6.4,"Linear Regression,Neural Networks,Deep Learning",True,6,0,4,0.22,False,0.29,4
0.67,13840,9.8,"Statistical Analysis,Data Visualization,Data Cleaning",True,5,9,0,0.78,False,0.66,3
0.91,7663,6.5,"Machine Learning Fundamentals,Data Preprocessing,Model Evaluation",True,4,0,0,0.25,False,0.81,0
0.61,9857,4.5,"Machine Learning Fundamentals,Data Preprocessing,Model Evaluation",True,4,4,3,0.48,True,0.78,1
0.97,9735,2.2,"Linear Regression,Neural Networks,Deep Learning",True,3,2,4,0.08,False,0.24,4
0.74,927,9.4,"Machine Learning Fundamentals,Data Preprocessing,Model Evaluation",True,7,1,0,0.7,False,0.08,3
0.61,18608,3.9,"Machine Learning Fundamentals,Data Preprocessing,Model Evaluation",False,6,1,0,0.67,False,0.45,0
0.74,9713,4.9,"Machine Learning Fundamentals,Data Preprocessing,Model Evaluation",False,9,7,2,0.28,False,0.3,3
0.93,9721,8.8,"Programming Basics,Algorithms,Data Structures",False,7,3,4,0.9,False,0.08,2
0.91,13033,7.8,"Machine Learning Fundamentals,Data Preprocessing,Model Evaluation",False,1,5,4,0.69,True,0.86,2
0.94,1650,5.3,"Machine Learning Fundamentals,Data Preprocessing,Model Evaluation",False,8,5,1,0.4,False,0.11,4
0.58,7101,3.7,"Programming Basics,Algorithms,Data Structures",False,1,2,4,0.97,True,0.09,4
0.96,10449,9.4,"Linear Regression,Neural Networks,Deep Learning",True,7,1,3,0.71,False,0.59,4
0.7,8265,1.1,"Programming Basics,Algorithms,Data Structures",False,2,7,0,0.17,False,0.18,1
0.52,13478,9.6,"Programming Basics,Algorithms,Data Structures",True,3,1,2,0.78,True,0.44,0
0.86,4522,3.8,"Machine Learning Fundamentals,Data Preprocessing,Model Evaluation",True,8,0,3,0.62,True,0.72,1
0.68,12909,4.9,"Linear Regression,Neural Networks,Deep Learning",False,8,8,0,0.63,False,0.81,1
0.56,11615,9.3,"Machine Learning Fundamentals,Data Preprocessing,Model Evaluation",True,3,7,1,0.93,True,0.83,3
0.98,4255,1.6,"Linear Regression,Neural Networks,Deep Learning",True,7,5,2,0.92,True,0.59,3
0.66,6939,4.9,"Programming Basics,Algorithms,Data Structures",True,2,1,4,0.48,True,0.19,4
1.0,18880,7.4,"Statistical Analysis,Data Visualization,Data Cleaning",False,8,3,0,0.72,False,0.96,1
0.9,3496,9.6,"Linear Regression,Neural Networks,Deep Learning",True,9,2,2,0.36,False,0.13,4
0.89,3505,7.6,"Programming Basics,Algorithms,Data Structures",False,5,0,0,0.25,True,0.39,1
0.96,13021,5.8,"Linear Regression,Neural Networks,Deep Learning",True,7,3,2,0.57,False,0.34,2
0.81,3257,0.9,"Linear Regression,Neural Networks,Deep Learning",False,7,8,3,0.6,False,0.05,2
0.95,7899,6.7,"Linear Regression,Neural Networks,Deep Learning",True,7,6,0,0.13,False,0.09,1
0.94,6578,8.5,"Statistical Analysis,Data Visualization,Data Cleaning",True,1,1,4,0.55,False,0.57,1
0.97,6292,2.8,"Linear Regression,Neural Networks,Deep Learning",False,6,1,0,0.86,False,0.57,3
0.58,7924,9.8,"Machine Learning Fundamentals,Data Preprocessing,Model Evaluation",True,4,5,2,0.01,False,0.12,2
0.66,8891,1.1,"Programming Basics,Algorithms,Data Structures",True,6,3,2,0.61,False,0.59,2
0.56,17981,9.6,"Linear Regression,Neural Networks,Deep Learning",True,3,8,2,0.78,False,0.33,3
0.63,16144,1.7,"Statistical Analysis,Data Visualization,Data Cleaning",False,3,0,3,0.22,False,0.1,0
0.83,843,7.8,"Statistical Analysis,Data Visualization,Data Cleaning",False,3,9,1,0.9,False,0.01,0
0.94,13667,3.8,"Programming Basics,Algorithms,Data Structures",False,1,6,2,0.3,True,0.17,0
0.79,13434,3.8,"Machine Learning Fundamentals,Data Preprocessing,Model Evaluation",True,7,3,4,0.96,True,0.39,0
0.95,8439,9.8,"Machine Learning Fundamentals,Data Preprocessing,Model Evaluation",False,4,9,0,0.67,False,0.93,3
0.51,2418,1.5,"Linear Regression,Neural Networks,Deep Learning",False,2,6,4,0.73,False,0.82,3
0.87,16446,8.6,"Machine Learning Fundamentals,Data Preprocessing,Model Evaluation",True,4,6,3,0.64,True,0.26,1
0.51,2078,5.7,"Linear Regression,Neural Networks,Deep Learning",True,4,0,4,0.77,False,0.3,3
0.91,504,2.7,"Statistical Analysis,Data Visualization,Data Cleaning",True,5,9,2,0.84,True,0.81,0
0.83,9604,2.8,"Programming Basics,Algorithms,Data Structures",False,6,1,4,0.39,False,0.84,2
0.99,11535,6.3,"Programming Basics,Algorithms,Data Structures",False,7,0,4,0.0,True,0.25,3
0.86,18957,1.0,"Statistical Analysis,Data Visualization,Data Cleaning",False,4,6,2,0.22,False,0.79,4
0.61,11195,7.2,"Statistical Analysis,Data Visualization,Data Cleaning",False,3,4,3,0.59,True,0.45,3
0.64,11566,7.2,"Machine Learning Fundamentals,Data Preprocessing,Model Evaluation",False,5,9,1,0.03,False,0.13,3
0.94,12007,5.3,"Linear Regression,Neural Networks,Deep Learning",True,5,5,4,0.46,True,0.96,1
0.86,13115,8.2,"Programming Basics,Algorithms,Data Structures",True,4,8,2,0.96,False,0.86,4
0.93,16232,10.0,"Statistical Analysis,Data Visualization,Data Cleaning",False,1,4,2,0.64,True,0.91,0
0.52,13142,1.7,"Programming Basics,Algorithms,Data Structures",False,8,7,4,0.78,False,0.52,3
0.96,9133,5.6,"Statistical Analysis,Data Visualization,Data Cleaning",True,7,4,3,0.5,True,0.03,3
0.61,15611,8.3,"Programming Basics,Algorithms,Data Structures",False,8,3,0,0.88,False,0.1,4
0.69,14934,2.9,"Programming Basics,Algorithms,Data Structures",False,5,1,1,0.47,False,0.54,3
0.79,13895,6.8,"Linear Regression,Neural Networks,Deep Learning",False,7,0,3,0.9,False,0.98,1
0.66,17102,6.5,"Linear Regression,Neural Networks,Deep Learning",True,5,8,4,0.24,False,0.43,3
0.95,18307,9.3,"Machine Learning Fundamentals,Data Preprocessing,Model Evaluation",True,3,2,4,0.54,True,0.78,3
0.68,17569,1.7,"Linear Regression,Neural Networks,Deep Learning",True,9,0,0,0.47,False,0.76,3
0.83,5965,3.8,"Machine Learning Fundamentals,Data Preprocessing,Model Evaluation",True,1,0,3,0.04,False,0.49,1
0.76,15552,1.2,"Machine Learning Fundamentals,Data Preprocessing,Model Evaluation",True,7,3,2,0.65,True,0.44,3
0.53,10788,8.6,"Machine Learning Fundamentals,Data Preprocessing,Model Evaluation",True,8,0,3,1.0,False,0.29,4
0.51,1684,1.6,"Programming Basics,Algorithms,Data Structures",False,6,0,2,0.98,True,0.07,0
0.71,5766,1.7,"Linear Regression,Neural Networks,Deep Learning",True,1,9,4,0.94,True,0.75,4
0.54,1000,6.3,"Linear Regression,Neural Networks,Deep Learning",False,2,9,4,0.74,False,0.42,0
0.68,11464,7.1,"Linear Regression,Neural Networks,Deep Learning",True,5,7,1,0.74,True,0.15,3
0.52,17680,3.5,"Statistical Analysis,Data Visualization,Data Cleaning",False,5,6,3,0.42,True,0.96,0
0.99,7311,6.6,"Linear Regression,Neural Networks,Deep Learning",True,6,5,4,0.46,False,0.16,4
0.62,12805,0.2,"Programming Basics,Algorithms,Data Structures",True,5,7,0,0.67,False,0.98,2
0.72,16756,7.0,"Linear Regression,Neural Networks,Deep Learning",False,9,9,0,0.83,False,0.97,3
0.89,16960,6.0,"Machine Learning Fundamentals,Data Preprocessing,Model Evaluation",False,7,1,3,0.62,False,0.32,0
0.86,19630,9.4,"Statistical Analysis,Data Visualization,Data Cleaning",False,6,1,0,0.32,True,0.91,0
0.51,3255,1.1,"Programming Basics,Algorithms,Data Structures",True,6,7,1,0.19,True,0.83,0
0.58,6596,7.5,"Machine Learning Fundamentals,Data Preprocessing,Model Evaluation",True,7,6,4,0.84,True,0.88,2
0.98,17401,6.9,"Linear Regression,Neural Networks,Deep Learning",True,2,2,1,0.31,False,0.32,4
0.52,5183,7.7,"Linear Regression,Neural Networks,Deep Learning",False,2,6,2,0.57,False,0.16,0
0.66,5123,9.5,"Programming Basics,Algorithms,Data Structures",False,2,3,0,0.81,True,0.72,0
0.76,7836,0.9,"Linear Regression,Neural Networks,Deep Learning",False,4,3,4,0.33,False,0.36,2
0.63,3465,7.3,"Machine Learning Fundamentals,Data Preprocessing,Model Evaluation",False,9,4,4,0.79,False,0.08,3
0.53,12708,7.2,"Linear Regression,Neural Networks,Deep Learning",True,4,3,3,0.39,False,0.37,2
0.73,4775,9.1,"Programming Basics,Algorithms,Data Structures",True,2,5,2,0.68,True,0.55,1
0.65,897,5.2,"Statistical Analysis,Data Visualization,Data Cleaning",False,6,3,3,0.72,True,0.43,1
0.57,12230,4.7,"Machine Learning Fundamentals,Data Preprocessing,Model Evaluation",False,3,6,4,0.98,False,0.63,0
0.82,13448,1.7,"Machine Learning Fundamentals,Data Preprocessing,Model Evaluation",False,8,3,1,0.2,False,0.23,1
0.55,8572,3.8,"Programming Basics,Algorithms,Data Structures",False,8,6,1,0.06,True,0.33,1
0.76,18699,7.3,"Machine Learning Fundamentals,Data Preprocessing,Model Evaluation",False,1,5,1,0.66,False,0.15,2
0.76,5753,5.3,"Statistical Analysis,Data Visualization,Data Cleaning",True,4,1,0,0.93,True,0.4,2
0.63,13587,4.7,"Statistical Analysis,Data Visualization,Data Cleaning",False,6,4,0,0.13,False,0.66,0
0.8,3338,7.0,"Linear Regression,Neural Networks,Deep Learning",False,4,6,4,0.9,False,0.2,1
0.94,13734,2.2,"Linear Regression,Neural Networks,Deep Learning",True,2,6,3,0.28,False,0.24,4
0.88,5315,9.8,"Machine Learning Fundamentals,Data Preprocessing,Model Evaluation",False,2,5,4,0.03,False,0.18,1
0.76,18457,9.9,"Programming Basics,Algorithms,Data Structures",False,9,0,4,0.56,True,0.63,2
0.75,4257,3.4,"Linear Regression,Neural Networks,Deep Learning",False,4,7,0,0.74,False,0.98,4
0.8,19084,2.4,"Machine Learning Fundamentals,Data Preprocessing,Model Evaluation",False,3,3,3,0.09,False,0.84,1
0.96,16561,2.4,"Statistical Analysis,Data Visualization,Data Cleaning",False,1,0,0,0.07,True,0.83,3
0.51,11807,0.5,"Programming Basics,Algorithms,Data Structures",True,7,7,2,0.22,True,0.28,2
0.81,4117,5.9,"Statistical Analysis,Data Visualization,Data Cleaning",True,6,0,0,0.17,True,1.0,2
0.5,14148,1.9,"Machine Learning Fundamentals,Data Preprocessing,Model Evaluation",False,5,2,0,0.37,True,0.42,1
0.7,16619,8.6,"Linear Regression,Neural Networks,Deep Learning",True,2,4,4,0.16,True,0.02,1
0.76,11422,5.7,"Machine Learning Fundamentals,Data Preprocessing,Model Evaluation",True,1,3,2,0.75,True,0.63,0
0.99,17407,1.9,"Programming Basics,Algorithms,Data Structures",True,3,2,4,0.32,True,0.12,0
0.87,13585,3.8,"Programming Basics,Algorithms,Data Structures",False,7,7,3,0.88,True,0.39,3
0.72,4642,1.5,"Programming Basics,Algorithms,Data Structures",True,6,9,0,1.0,False,0.05,2
0.57,8715,8.2,"Programming Basics,Algorithms,Data Structures",True,1,4,2,0.01,True,0.19,1
0.84,14140,1.3,"Statistical Analysis,Data Visualization,Data Cleaning",True,5,9,0,0.82,False,0.11,1
0.89,1080,5.4,"Statistical Analysis,Data Visualization,Data Cleaning",False,6,0,3,0.27,False,0.53,3
0.7,14200,2.8,"Programming Basics,Algorithms,Data Structures",True,9,5,4,0.11,True,0.57,4
0.6,3139,2.1,"Programming Basics,Algorithms,Data Structures",False,9,6,0,0.8,True,0.13,4
0.51,17841,0.6,"Machine Learning Fundamentals,Data Preprocessing,Model Evaluation",False,6,3,4,0.49,False,0.3,4
0.87,2133,3.7,"Statistical Analysis,Data Visualization,Data Cleaning",True,4,7,3,0.5,False,0.97,4
0.5,17312,4.5,"Linear Regression,Neural Networks,Deep Learning",False,2,2,3,0.5,False,0.11,4
0.99,8314,8.3,"Statistical Analysis,Data Visualization,Data Cleaning",True,2,9,3,0.81,False,0.22,2
0.55,9242,4.5,"Linear Regression,Neural Networks,Deep Learning",False,6,3,1,0.89,True,0.11,2
0.69,16523,4.4,"Statistical Analysis,Data Visualization,Data Cleaning",False,1,9,4,0.46,True,0.86,3
0.99,1218,8.2,"Programming Basics,Algorithms,Data Structures",True,7,7,3,0.45,True,0.96,2
0.65,11424,2.1,"Programming Basics,Algorithms,Data Structures",False,6,5,1,0.03,False,0.94,1
0.6,4900,2.4,"Machine Learning Fundamentals,Data Preprocessing,Model Evaluation",False,6,7,2,0.57,False,0.44,2
0.98,6918,7.8,"Programming Basics,Algorithms,Data Structures",True,5,9,2,0.33,False,0.27,4
0.67,16979,9.0,"Statistical Analysis,Data Visualization,Data Cleaning",True,9,8,1,0.62,True,0.06,1
0.88,6021,4.3,"Programming Basics,Algorithms,Data Structures",False,3,9,3,0.85,True,0.72,4
0.54,10754,4.3,"Machine Learning Fundamentals,Data Preprocessing,Model Evaluation",False,8,9,1,0.26,True,0.38,4
0.85,1391,6.7,"Statistical Analysis,Data Visualization,Data Cleaning",True,3,8,2,0.29,False,0.33,0
0.83,17306,6.8,"Machine Learning Fundamentals,Data Preprocessing,Model Evaluation",True,2,4,0,0.93,True,0.97,1
